category,sub_category,ship_mode,region,total_orders,total_units,avg_units_per_order,avg_shipping_days,min_shipping_days,max_shipping_days,express_deliveries,slow_deliveries,express_delivery_pct,slow_delivery_pct,total_sales,total_profit,total_shipping_cost,avg_profit_margin_pct
Office Supplies,Storage,First Class,EMEA,92,211,2.29,2.04,1,3,59,0,64.13,0.00,15157.27,-949.67,2663.59,-25.87
Technology,Machines,First Class,Oceania,16,45,2.81,2.13,1,3,12,0,75.00,0.00,5023.38,-922.95,775.31,-9.10
Office Supplies,Fasteners,Second Class,East,11,82,7.45,3.55,2,5,3,0,27.27,0.00,218.70,66.95,21.67,28.81
Office Supplies,Storage,Second Class,EMEA,126,289,2.29,3.18,2,5,43,0,34.13,0.00,20296.93,2503.24,2494.70,-13.65
Technology,Machines,Second Class,Southeast Asia,11,54,4.91,3.18,2,5,5,0,45.45,0.00,7317.93,1282.41,808.68,10.00
Technology,Accessories,Standard Class,Oceania,144,520,3.61,4.90,4,7,0,0,0.00,0.00,34802.14,2869.27,3225.00,3.95
Technology,Machines,Same Day,West,2,9,4.50,0.00,0,0,2,0,100.00,0.00,4315.18,425.58,679.35,10.00
Office Supplies,Binders,First Class,Africa,92,250,2.72,2.18,1,3,52,0,56.52,0.00,3294.69,454.93,581.92,-10.11
Office Supplies,Binders,Same Day,North,29,133,4.59,0.03,0,1,29,0,100.00,0.00,2510.11,445.32,493.04,18.89
Office Supplies,Supplies,Standard Class,North,145,569,3.92,5.12,4,7,0,0,0.00,0.00,13578.24,2451.66,1089.92,17.47
Furniture,Tables,Second Class,Oceania,6,15,2.50,2.67,2,3,2,0,33.33,0.00,3837.66,-24.36,598.46,-13.47
Technology,Accessories,Standard Class,North Asia,79,312,3.95,4.95,4,7,0,0,0.00,0.00,22769.21,4899.31,2025.06,16.21
Office Supplies,Envelopes,First Class,Africa,23,43,1.87,2.17,1,3,14,0,60.87,0.00,810.18,1.92,138.11,-55.97
Technology,Copiers,Second Class,Central,89,345,3.88,2.98,2,5,46,0,51.69,0.00,64218.10,7101.15,9000.88,6.25
Furniture,Tables,Second Class,Central,29,114,3.93,2.97,2,5,16,0,55.17,0.00,28130.52,-6072.84,2890.01,-34.47
Office Supplies,Binders,Standard Class,Africa,348,808,2.32,4.95,4,7,0,0,0.00,0.00,12718.19,1171.47,1045.76,-17.16
Furniture,Tables,Second Class,South,22,76,3.45,3.09,2,5,9,0,40.91,0.00,16747.19,-5084.07,2254.30,-37.36
Technology,Machines,Second Class,Caribbean,4,19,4.75,3.00,2,4,2,0,50.00,0.00,783.56,-993.02,121.73,-145.03
Office Supplies,Appliances,First Class,Africa,22,43,1.95,2.14,1,3,14,0,63.64,0.00,9992.04,357.72,2026.85,-5.33
Technology,Accessories,Standard Class,South,233,875,3.76,4.89,4,7,0,0,0.00,0.00,60614.27,14231.11,4594.66,12.77
Office Supplies,Fasteners,Standard Class,Caribbean,63,231,3.67,4.95,4,7,0,0,0.00,0.00,1846.57,269.19,163.83,13.81
Office Supplies,Art,First Class,Oceania,32,109,3.41,2.28,1,3,17,0,53.13,0.00,2062.50,267.83,340.12,8.55
Office Supplies,Storage,Second Class,Caribbean,26,83,3.19,3.50,2,5,9,0,34.62,0.00,3798.71,339.49,450.34,12.80
Furniture,Tables,First Class,Caribbean,6,26,4.33,2.33,1,3,3,0,50.00,0.00,6483.84,1397.60,991.12,11.72
Office Supplies,Appliances,Standard Class,Oceania,61,256,4.20,5.03,4,7,0,0,0.00,0.00,62580.87,7575.88,4403.26,10.70
Technology,Phones,First Class,Central Asia,20,67,3.35,2.35,1,3,9,0,45.00,0.00,11857.97,2815.75,1430.07,14.18
Office Supplies,Supplies,Second Class,West,15,58,3.87,2.80,2,5,9,0,60.00,0.00,13433.68,592.29,107.18,17.58
Technology,Accessories,Same Day,South,23,82,3.57,0.04,0,1,23,0,100.00,0.00,5144.67,450.37,1109.59,6.73
Furniture,Chairs,Standard Class,North Asia,118,441,3.74,5.17,4,7,0,0,0.00,0.00,74198.83,16408.30,5971.93,23.49
Furniture,Furnishings,First Class,Southeast Asia,29,100,3.45,1.93,1,3,20,0,68.97,0.00,3409.40,200.54,504.98,5.06
Furniture,Bookcases,Same Day,Oceania,14,54,3.86,0.00,0,0,14,0,100.00,0.00,9541.78,-1131.89,1674.63,-8.22
Office Supplies,Art,Same Day,Canada,9,23,2.56,0.00,0,0,9,0,100.00,0.00,788.40,154.65,157.12,24.27
Office Supplies,Envelopes,Same Day,East,6,25,4.17,0.00,0,0,6,0,100.00,0.00,338.88,151.65,56.64,42.78
Furniture,Tables,Standard Class,Southeast Asia,35,134,3.83,5.14,4,7,0,0,0.00,0.00,32916.11,-9183.25,2871.69,-45.33
Office Supplies,Art,Standard Class,South,361,1375,3.81,4.97,4,7,0,0,0.00,0.00,28976.15,5053.63,2291.47,14.43
Furniture,Bookcases,First Class,North Asia,24,74,3.08,2.17,1,3,15,0,62.50,0.00,17880.02,4194.23,4041.93,23.23
Office Supplies,Fasteners,Standard Class,Southeast Asia,123,460,3.74,4.85,4,7,0,0,0.00,0.00,3964.03,-1150.30,344.52,-31.35
Furniture,Bookcases,Same Day,Central,23,88,3.83,0.04,0,1,23,0,100.00,0.00,15836.41,1809.92,2259.48,1.07
Office Supplies,Art,Same Day,EMEA,34,94,2.76,0.00,0,0,34,0,100.00,0.00,2258.34,128.34,431.71,-3.42
Office Supplies,Envelopes,Standard Class,Central Asia,68,252,3.71,5.06,4,7,0,0,0.00,0.00,6951.38,1473.79,535.74,13.80
Technology,Phones,First Class,East,44,153,3.48,2.27,1,3,27,0,61.36,0.00,18921.37,4481.68,3642.96,16.41
Furniture,Tables,First Class,EMEA,11,32,2.91,2.18,2,3,9,0,81.82,0.00,12385.33,2345.41,2259.63,-20.48
Technology,Copiers,Standard Class,Africa,125,265,2.12,4.99,4,7,0,0,0.00,0.00,56920.22,8407.36,4973.14,-5.60
Technology,Phones,Same Day,Southeast Asia,11,49,4.45,0.00,0,0,11,0,100.00,0.00,8487.48,1456.86,1388.97,12.04
Technology,Machines,Second Class,Africa,42,87,2.07,3.10,2,5,17,0,40.48,0.00,13290.49,1473.70,1721.84,-10.35
Furniture,Chairs,Second Class,South,102,420,4.12,3.28,2,5,38,0,37.25,0.00,40349.25,3964.29,5110.03,-5.87
Furniture,Tables,First Class,North,12,41,3.42,2.42,1,3,5,0,41.67,0.00,12475.85,842.04,1512.47,4.18
Office Supplies,Supplies,Same Day,Central,18,69,3.83,0.17,0,1,18,0,100.00,0.00,1633.81,392.38,329.25,22.76
Furniture,Bookcases,Same Day,Africa,12,24,2.00,0.00,0,0,12,0,100.00,0.00,5380.89,1210.98,926.94,3.26
Office Supplies,Labels,Same Day,Canada,2,6,3.00,0.00,0,0,2,0,100.00,0.00,45.66,13.20,12.77,25.32
Office Supplies,Binders,Same Day,Central,76,259,3.41,0.01,0,1,76,0,100.00,0.00,3899.52,311.07,601.62,-5.49
Technology,Copiers,Second Class,South,55,203,3.69,3.07,2,5,26,0,47.27,0.00,38127.14,5755.26,4608.65,1.17
Furniture,Chairs,Second Class,Central,120,441,3.68,3.25,2,5,49,0,40.83,0.00,60952.39,10217.41,6950.05,7.42
Office Supplies,Binders,Second Class,Canada,15,25,1.67,2.67,2,5,10,0,66.67,0.00,541.86,172.29,69.19,30.93
Office Supplies,Labels,Same Day,Caribbean,5,22,4.40,0.00,0,0,5,0,100.00,0.00,131.00,22.32,24.03,18.58
Office Supplies,Storage,Second Class,West,60,241,4.02,3.27,2,5,24,0,40.00,0.00,14626.62,1972.09,1465.60,14.98
Office Supplies,Binders,First Class,Canada,15,39,2.60,2.33,2,3,10,0,66.67,0.00,800.16,140.64,69.04,23.17
Technology,Copiers,Same Day,Central,16,60,3.75,0.13,0,1,16,0,100.00,0.00,12315.46,2365.06,2332.72,19.12
Office Supplies,Appliances,Standard Class,North,81,298,3.68,5.05,4,7,0,0,0.00,0.00,55344.97,11107.88,4903.87,16.80
Office Supplies,Envelopes,Second Class,Central Asia,26,94,3.62,2.96,2,5,10,0,38.46,0.00,2393.22,227.85,294.43,3.86
Furniture,Chairs,Same Day,South,24,94,3.92,0.08,0,1,24,0,100.00,0.00,7891.87,703.09,1728.25,-17.00
Office Supplies,Storage,Standard Class,Southeast Asia,155,596,3.85,4.92,4,7,0,0,0.00,0.00,37253.06,1502.61,3359.20,-2.48
Office Supplies,Appliances,Second Class,Caribbean,14,48,3.43,2.71,2,5,9,0,64.29,0.00,8059.16,832.14,1011.87,7.88
Office Supplies,Envelopes,Same Day,EMEA,16,31,1.94,0.00,0,0,16,0,100.00,0.00,582.08,-60.61,104.55,-25.37
Office Supplies,Envelopes,Second Class,Central,111,397,3.58,3.40,2,5,33,0,29.73,0.00,7584.44,1731.35,962.52,19.28
Office Supplies,Storage,Same Day,West,12,37,3.08,0.00,0,0,12,0,100.00,0.00,2477.93,430.81,289.26,17.08
Office Supplies,Envelopes,Same Day,Africa,10,23,2.30,0.10,0,1,10,0,100.00,0.00,428.12,73.40,83.43,-10.77
Furniture,Chairs,Same Day,Canada,1,6,6.00,0.00,0,0,1,0,100.00,0.00,967.32,270.72,193.25,27.99
Technology,Accessories,Second Class,Caribbean,26,111,4.27,3.08,2,5,12,0,46.15,0.00,6189.14,949.40,764.30,-0.64
Office Supplies,Labels,First Class,EMEA,36,85,2.36,2.25,1,3,21,0,58.33,0.00,668.78,60.86,162.53,-25.05
Office Supplies,Labels,Same Day,South,10,40,4.00,0.00,0,0,10,0,100.00,0.00,316.25,102.31,56.16,36.39
Furniture,Bookcases,Second Class,Caribbean,18,67,3.72,3.00,2,5,9,0,50.00,0.00,6154.26,-172.48,731.58,3.08
Technology,Accessories,First Class,Canada,5,5,1.00,2.60,2,3,2,0,40.00,0.00,492.57,121.44,80.59,21.58
Technology,Machines,Second Class,North,32,117,3.66,3.69,2,5,8,0,25.00,0.00,16389.39,2129.80,2027.13,11.77
Technology,Machines,Second Class,Canada,5,6,1.20,3.40,2,5,2,0,40.00,0.00,1424.67,114.72,165.87,12.19
Furniture,Tables,Same Day,South,2,6,3.00,0.00,0,0,2,0,100.00,0.00,988.90,-150.19,131.31,-8.96
Office Supplies,Envelopes,Standard Class,Caribbean,67,247,3.69,5.06,4,7,0,0,0.00,0.00,4208.27,616.67,327.82,14.36
Furniture,Chairs,First Class,Central Asia,25,112,4.48,2.32,1,3,14,0,56.00,0.00,14092.66,3346.51,2065.43,24.47
Office Supplies,Fasteners,Standard Class,EMEA,146,331,2.27,4.88,4,7,0,0,0.00,0.00,4027.11,723.51,327.92,-0.31
Technology,Accessories,Standard Class,West,145,620,4.28,5.13,4,7,0,0,0.00,0.00,38081.47,9902.17,2782.89,22.80
Furniture,Chairs,First Class,West,35,118,3.37,1.97,1,3,26,0,74.29,0.00,17581.90,105.56,3131.56,-0.64
Office Supplies,Appliances,First Class,Central Asia,6,22,3.67,2.50,1,3,2,0,33.33,0.00,6384.93,486.54,804.75,3.65
Technology,Accessories,Second Class,Central Asia,29,123,4.24,3.14,2,5,13,0,44.83,0.00,10448.21,2075.71,1131.51,18.35
Office Supplies,Storage,Standard Class,West,155,598,3.86,5.08,4,7,0,0,0.00,0.00,44583.90,4792.76,3821.08,11.67
Office Supplies,Paper,Second Class,Oceania,51,158,3.10,3.49,2,5,14,0,27.45,0.00,3587.66,427.76,550.01,8.34
Furniture,Furnishings,Second Class,East,60,194,3.23,3.28,2,5,26,0,43.33,0.00,4707.77,988.44,615.77,25.54
Office Supplies,Storage,Standard Class,Oceania,146,540,3.70,4.96,4,7,0,0,0.00,0.00,42685.31,6366.31,3247.37,9.03
Technology,Machines,Standard Class,North,80,292,3.65,4.81,4,7,0,0,0.00,0.00,45333.61,9872.80,4228.22,16.98
Technology,Copiers,Same Day,North Asia,6,20,3.33,0.00,0,0,6,0,100.00,0.00,5648.13,2057.34,1362.26,31.49
Office Supplies,Storage,Standard Class,Central Asia,89,309,3.47,4.89,4,7,0,0,0.00,0.00,19272.21,3408.27,1679.48,12.48
Office Supplies,Binders,Second Class,EMEA,113,262,2.32,3.27,2,5,40,0,35.40,0.00,4968.73,207.58,675.24,-19.74
Office Supplies,Paper,Standard Class,EMEA,125,251,2.01,4.90,4,7,0,0,0.00,0.00,6177.61,751.19,525.67,-7.20
Technology,Machines,Second Class,East,1,3,3.00,2.00,2,2,1,0,100.00,0.00,449.10,-643.71,94.26,-143.33
Office Supplies,Storage,Standard Class,North Asia,109,414,3.80,4.92,4,7,0,0,0.00,0.00,34268.50,4605.83,2776.39,13.84
Furniture,Chairs,First Class,Canada,3,6,2.00,2.67,2,3,1,0,33.33,0.00,474.93,201.66,113.56,38.32
Technology,Copiers,Second Class,Africa,43,113,2.63,3.07,2,5,19,0,44.19,0.00,23620.25,4179.65,2908.44,-6.83
Office Supplies,Paper,First Class,Central,131,488,3.73,2.18,1,3,80,0,61.07,0.00,8990.96,2136.63,1636.37,22.88
Technology,Copiers,First Class,Oceania,25,99,3.96,2.08,1,3,15,0,60.00,0.00,22489.08,4600.38,4376.47,18.96
Furniture,Chairs,Second Class,North,77,294,3.82,3.30,2,5,30,0,38.96,0.00,27134.23,1674.61,3151.04,4.19
Furniture,Chairs,Standard Class,Africa,114,264,2.32,5.05,4,7,0,0,0.00,0.00,31531.21,152.65,2402.82,-25.80
Furniture,Tables,First Class,North Asia,8,25,3.13,2.13,1,3,4,0,50.00,0.00,10433.69,-494.00,2028.50,-4.91
Office Supplies,Supplies,Second Class,EMEA,49,91,1.86,3.04,2,5,21,0,42.86,0.00,2326.67,126.11,319.15,-6.78
Office Supplies,Appliances,First Class,Southeast Asia,17,55,3.24,2.00,1,3,13,0,76.47,0.00,12884.96,1760.00,2362.22,10.91
Office Supplies,Binders,First Class,North Asia,22,73,3.32,2.00,1,3,17,0,77.27,0.00,1624.26,257.79,290.33,24.66
Office Supplies,Labels,Second Class,East,14,57,4.07,3.71,2,5,3,0,21.43,0.00,253.46,111.80,29.13,44.27
Office Supplies,Fasteners,Second Class,Central,101,394,3.90,3.18,2,5,44,0,43.56,0.00,3926.16,724.05,498.27,12.07
Office Supplies,Supplies,Same Day,West,6,16,2.67,0.00,0,0,6,0,100.00,0.00,333.35,38.82,61.29,20.51
Office Supplies,Supplies,First Class,North Asia,29,123,4.24,1.93,1,3,22,0,75.86,0.00,3286.63,652.73,588.58,14.51
Office Supplies,Labels,Same Day,East,8,28,3.50,0.00,0,0,8,0,100.00,0.00,211.78,96.85,46.78,44.28
Office Supplies,Art,Second Class,West,44,159,3.61,3.27,2,5,17,0,38.64,0.00,1447.43,367.20,211.19,26.70
Office Supplies,Labels,First Class,Africa,30,81,2.70,2.10,1,3,18,0,60.00,0.00,683.88,84.17,108.14,-23.36
Furniture,Chairs,Same Day,EMEA,14,20,1.43,0.07,0,1,14,0,100.00,0.00,2071.65,358.53,467.59,14.73
Furniture,Chairs,First Class,Southeast Asia,45,177,3.93,2.16,1,3,27,0,60.00,0.00,18608.05,780.63,3327.60,4.38
Technology,Phones,First Class,Oceania,29,106,3.66,2.07,1,3,20,0,68.97,0.00,24534.93,4803.20,4190.03,13.17
Furniture,Bookcases,First Class,Central Asia,12,45,3.75,2.25,1,3,6,0,50.00,0.00,13106.74,2423.50,2192.98,16.39
Office Supplies,Envelopes,First Class,North,44,166,3.77,2.23,1,3,25,0,56.82,0.00,3209.70,754.84,492.30,18.52
Furniture,Chairs,Same Day,Oceania,10,37,3.70,0.00,0,0,10,0,100.00,0.00,2830.00,471.97,490.99,5.13
Office Supplies,Supplies,First Class,Central Asia,16,50,3.13,2.19,1,3,11,0,68.75,0.00,1489.68,346.83,217.93,17.69
Furniture,Chairs,Same Day,North,22,104,4.73,0.05,0,1,22,0,100.00,0.00,10299.18,1006.38,1550.99,5.99
Furniture,Bookcases,Second Class,Oceania,42,146,3.48,3.43,2,5,12,0,28.57,0.00,33208.20,876.64,3977.57,-1.02
Technology,Accessories,Standard Class,EMEA,136,304,2.24,5.02,4,7,0,0,0.00,0.00,25521.44,3187.04,2090.59,-10.99
Technology,Copiers,Standard Class,North Asia,80,303,3.79,5.01,4,7,0,0,0.00,0.00,68108.58,16503.66,6077.38,23.73
Technology,Accessories,Second Class,West,47,177,3.77,3.51,2,5,15,0,31.91,0.00,8719.27,2158.91,812.46,25.44
Office Supplies,Labels,Same Day,Africa,10,28,2.80,0.00,0,0,10,0,100.00,0.00,218.13,-3.99,29.74,-21.68
Office Supplies,Paper,Second Class,Central Asia,25,93,3.72,2.80,2,5,12,0,48.00,0.00,2873.07,660.90,278.55,16.97
Office Supplies,Labels,First Class,West,15,65,4.33,2.13,1,3,10,0,66.67,0.00,517.99,242.66,87.47,46.23
Furniture,Bookcases,First Class,North,42,154,3.67,2.19,1,3,24,0,57.14,0.00,26813.58,4759.55,4512.11,9.69
Technology,Phones,First Class,West,42,165,3.93,2.10,1,3,26,0,61.90,0.00,18327.77,1569.12,2864.84,6.67
Furniture,Chairs,First Class,Oceania,41,156,3.80,2.22,1,3,24,0,58.54,0.00,20742.56,284.28,4006.80,9.31
Office Supplies,Appliances,First Class,South,45,173,3.84,2.27,1,3,22,0,48.89,0.00,33279.87,8556.94,4566.04,21.89
Technology,Copiers,First Class,South,45,163,3.62,2.27,1,3,26,0,57.78,0.00,25991.81,5820.95,3864.27,11.97
Furniture,Tables,First Class,Central Asia,4,12,3.00,2.75,2,3,1,0,25.00,0.00,7349.40,1238.70,1665.98,10.75
Office Supplies,Labels,Standard Class,West,71,281,3.96,4.96,4,7,0,0,0.00,0.00,2839.67,1323.50,201.30,46.44
Furniture,Bookcases,Standard Class,EMEA,136,320,2.35,5.03,4,7,0,0,0.00,0.00,59206.35,5104.08,4677.43,-16.30
Furniture,Tables,Standard Class,Central Asia,25,79,3.16,5.20,4,7,0,0,0.00,0.00,34856.04,3331.29,2421.45,-60.09
Furniture,Furnishings,Standard Class,Southeast Asia,124,482,3.89,5.02,4,7,0,0,0.00,0.00,18447.13,789.19,1508.44,4.80
Office Supplies,Art,Standard Class,Canada,30,64,2.13,5.00,4,7,0,0,0.00,0.00,1970.94,440.85,156.98,22.54
Technology,Phones,First Class,Africa,39,99,2.54,2.23,1,3,22,0,56.41,0.00,26013.54,3844.44,4346.31,-19.33
Office Supplies,Paper,Same Day,Central Asia,7,23,3.29,0.14,0,1,7,0,100.00,0.00,506.31,151.26,63.27,21.19
Office Supplies,Supplies,Same Day,Southeast Asia,10,33,3.30,0.00,0,0,10,0,100.00,0.00,794.16,-96.66,98.93,-17.11
Furniture,Tables,Same Day,Central,5,12,2.40,0.00,0,0,5,0,100.00,0.00,1749.34,37.29,227.98,4.19
Office Supplies,Binders,Second Class,North Asia,50,155,3.10,2.94,2,5,28,0,56.00,0.00,3686.30,740.71,460.93,11.95
Furniture,Tables,Standard Class,Africa,24,49,2.04,5.46,4,7,0,0,0.00,0.00,18578.71,2211.28,1431.88,-11.08
Technology,Accessories,Standard Class,North,162,636,3.93,4.98,4,7,0,0,0.00,0.00,42686.33,9848.17,3577.70,19.47
Office Supplies,Binders,Same Day,Africa,35,96,2.74,0.03,0,1,35,0,100.00,0.00,1756.14,205.10,327.49,-16.20
Technology,Copiers,First Class,North Asia,26,96,3.69,2.15,1,3,17,0,65.38,0.00,25364.70,5752.38,4675.29,21.49
Office Supplies,Supplies,First Class,Central,68,226,3.32,2.13,1,3,40,0,58.82,0.00,5962.55,1442.63,1067.21,14.30
Office Supplies,Storage,First Class,Caribbean,22,76,3.45,1.91,1,3,17,0,77.27,0.00,3222.57,187.51,583.32,9.93
Office Supplies,Envelopes,Standard Class,Southeast Asia,117,464,3.97,5.01,4,7,0,0,0.00,0.00,7609.25,-1161.98,616.21,-28.64
Furniture,Furnishings,Second Class,Oceania,42,165,3.93,3.48,2,5,12,0,28.57,0.00,6398.67,841.97,841.88,11.50
Office Supplies,Art,Same Day,North,27,113,4.19,0.04,0,1,27,0,100.00,0.00,2461.64,351.11,594.16,9.79
Office Supplies,Supplies,First Class,South,48,191,3.98,2.38,1,3,22,0,45.83,0.00,5864.00,288.38,1010.64,4.21
Office Supplies,Fasteners,Second Class,West,9,24,2.67,2.78,2,5,6,0,66.67,0.00,84.88,33.20,11.68,36.38
Office Supplies,Art,Second Class,North,100,346,3.46,3.43,2,5,33,0,33.00,0.00,8545.34,1742.88,1138.87,13.68
Technology,Accessories,Same Day,Central,30,110,3.67,0.07,0,1,30,0,100.00,0.00,9402.20,2020.00,1717.61,12.35
Office Supplies,Fasteners,Same Day,Caribbean,9,39,4.33,0.00,0,0,9,0,100.00,0.00,306.31,71.91,54.42,13.45
Furniture,Furnishings,Same Day,Central,35,131,3.74,0.03,0,1,35,0,100.00,0.00,4954.03,440.91,806.56,-1.73
Office Supplies,Art,Second Class,Central Asia,23,77,3.35,3.13,2,5,11,0,47.83,0.00,2161.66,379.37,254.14,18.94
Office Supplies,Envelopes,First Class,East,9,42,4.67,2.56,2,3,4,0,44.44,0.00,1210.04,477.08,156.80,42.61
Office Supplies,Supplies,Same Day,EMEA,6,10,1.67,0.00,0,0,6,0,100.00,0.00,324.69,6.78,57.96,-18.74
Furniture,Chairs,Standard Class,Central Asia,102,373,3.66,4.96,4,7,0,0,0.00,0.00,51451.04,10290.26,4473.24,20.19
Furniture,Furnishings,Second Class,Canada,3,4,1.33,4.00,2,5,1,0,33.33,0.00,127.11,32.91,13.11,25.61
Furniture,Chairs,First Class,Central,100,369,3.69,2.20,1,3,62,0,62.00,0.00,37668.13,4864.59,6608.79,1.83
Office Supplies,Fasteners,First Class,East,11,43,3.91,2.36,1,3,6,0,54.55,0.00,103.21,32.27,15.02,31.17
Technology,Copiers,Standard Class,EMEA,116,239,2.06,5.08,4,7,0,0,0.00,0.00,45403.99,3207.94,3602.25,-9.89
Office Supplies,Paper,Second Class,North Asia,27,92,3.41,2.67,2,5,16,0,59.26,0.00,2401.94,472.39,344.64,16.05
Furniture,Furnishings,First Class,North,37,151,4.08,2.24,1,3,20,0,54.05,0.00,2933.25,-1266.88,486.67,-43.68
Office Supplies,Envelopes,Same Day,North Asia,12,49,4.08,0.00,0,0,12,0,100.00,0.00,1151.21,272.86,200.49,4.57
Technology,Phones,Same Day,West,12,42,3.50,0.08,0,1,12,0,100.00,0.00,4212.49,395.03,644.41,9.17
Technology,Accessories,Second Class,Central,132,504,3.82,3.32,2,5,49,0,37.12,0.00,31138.58,6934.86,3684.02,17.55
Office Supplies,Envelopes,Standard Class,North,175,680,3.89,5.07,4,7,0,0,0.00,0.00,13938.06,2931.89,1095.86,18.76
Furniture,Tables,Standard Class,North,37,128,3.46,4.97,4,7,0,0,0.00,0.00,37558.56,6565.49,2913.22,11.79
Office Supplies,Appliances,Same Day,Southeast Asia,6,21,3.50,0.00,0,0,6,0,100.00,0.00,6569.10,622.89,967.57,12.24
Furniture,Furnishings,Standard Class,Africa,136,334,2.46,4.94,4,7,0,0,0.00,0.00,14591.71,1520.08,1253.35,-11.83
Furniture,Bookcases,Same Day,North Asia,1,3,3.00,0.00,0,0,1,0,100.00,0.00,1314.45,39.42,144.26,3.00
Furniture,Chairs,Standard Class,West,115,412,3.58,5.12,4,7,0,0,0.00,0.00,57050.27,2689.46,4757.55,2.27
Furniture,Tables,Standard Class,Oceania,39,139,3.56,5.33,4,7,0,0,0.00,0.00,54567.24,-115.85,4801.86,-5.49
Office Supplies,Envelopes,Standard Class,Central,291,1068,3.67,5.11,4,7,0,0,0.00,0.00,23088.71,5117.65,1732.32,20.09
Office Supplies,Art,Standard Class,Caribbean,50,188,3.76,4.78,4,7,0,0,0.00,0.00,3568.18,579.58,299.32,19.35
Office Supplies,Envelopes,Same Day,Caribbean,6,21,3.50,0.00,0,0,6,0,100.00,0.00,366.49,67.21,44.25,17.53
Office Supplies,Fasteners,First Class,North Asia,17,67,3.94,2.12,1,3,13,0,76.47,0.00,898.79,252.88,130.34,25.43
Office Supplies,Storage,Same Day,North,17,62,3.65,0.06,0,1,17,0,100.00,0.00,2562.00,711.84,524.09,20.00
Office Supplies,Paper,First Class,Oceania,29,85,2.93,2.00,1,3,21,0,72.41,0.00,1992.34,312.01,307.34,12.79
Furniture,Chairs,Standard Class,Southeast Asia,165,649,3.93,4.93,4,7,0,0,0.00,0.00,78834.49,1438.09,6642.84,2.79
Furniture,Bookcases,Same Day,South,18,73,4.06,0.00,0,0,18,0,100.00,0.00,14959.65,2122.74,2357.25,-1.89
Technology,Accessories,Same Day,Central Asia,4,22,5.50,0.00,0,0,4,0,100.00,0.00,1448.27,72.22,195.15,16.98
Office Supplies,Fasteners,Second Class,Caribbean,23,95,4.13,2.70,2,5,14,0,60.87,0.00,712.15,35.77,82.07,6.73
Office Supplies,Paper,Same Day,Caribbean,9,36,4.00,0.00,0,0,9,0,100.00,0.00,529.94,-32.06,105.43,1.73
Furniture,Chairs,Same Day,West,16,67,4.19,0.13,0,1,16,0,100.00,0.00,7953.15,242.58,1767.48,3.44
Furniture,Chairs,Second Class,Central Asia,46,154,3.35,3.39,2,5,18,0,39.13,0.00,19563.95,2775.52,2192.30,15.84
Office Supplies,Envelopes,Same Day,Canada,1,1,1.00,0.00,0,0,1,0,100.00,0.00,27.09,10.83,4.31,39.98
Furniture,Chairs,First Class,North Asia,41,160,3.90,1.90,1,3,32,0,78.05,0.00,27786.73,5829.49,5113.29,21.27
Office Supplies,Binders,Same Day,North Asia,10,55,5.50,0.00,0,0,10,0,100.00,0.00,849.78,231.39,151.88,22.96
Technology,Copiers,Standard Class,East,11,43,3.91,5.00,4,7,0,0,0.00,0.00,32719.65,10985.91,1681.16,25.91
Furniture,Bookcases,Standard Class,Canada,6,13,2.17,4.83,4,6,0,0,0.00,0.00,3285.03,349.08,135.53,13.49
Office Supplies,Supplies,Standard Class,Central,258,1023,3.97,5.13,4,7,0,0,0.00,0.00,28625.33,3251.03,2296.37,11.43
Technology,Accessories,First Class,Caribbean,9,37,4.11,2.33,1,3,5,0,55.56,0.00,1866.30,372.30,333.28,8.66
Office Supplies,Storage,First Class,Central Asia,9,32,3.56,2.33,1,3,4,0,44.44,0.00,1084.37,-199.07,197.76,-8.40
Office Supplies,Art,Standard Class,North Asia,91,354,3.89,5.07,4,7,0,0,0.00,0.00,10885.88,2837.47,847.96,24.86
Office Supplies,Envelopes,Second Class,Africa,49,114,2.33,3.35,2,5,17,0,34.69,0.00,2755.23,286.14,396.20,-18.18
Office Supplies,Appliances,Standard Class,Central Asia,35,141,4.03,4.77,4,7,0,0,0.00,0.00,33459.72,3409.68,3162.81,17.59
Office Supplies,Envelopes,First Class,West,12,41,3.42,2.42,1,3,5,0,41.67,0.00,289.51,113.50,32.53,40.76
Technology,Accessories,First Class,West,51,172,3.37,2.27,1,3,29,0,56.86,0.00,8822.90,2470.07,1576.90,25.13
Office Supplies,Paper,Standard Class,Canada,8,28,3.50,5.13,4,7,0,0,0.00,0.00,868.56,173.01,54.07,22.46
Office Supplies,Appliances,Second Class,Southeast Asia,24,102,4.25,3.67,2,5,4,0,16.67,0.00,14944.15,1107.97,2011.26,10.13
Furniture,Tables,First Class,Oceania,4,12,3.00,1.50,1,2,4,0,100.00,0.00,3876.38,-700.13,775.38,-21.79
Office Supplies,Supplies,Second Class,Canada,2,10,5.00,2.00,2,2,2,0,100.00,0.00,390.84,27.12,50.08,9.96
Technology,Copiers,Second Class,West,7,22,3.14,2.86,2,5,3,0,42.86,0.00,8719.81,2918.94,747.93,33.61
Technology,Copiers,First Class,Central,62,229,3.69,1.95,1,3,43,0,69.35,0.00,38558.26,4823.76,7196.07,5.60
Furniture,Bookcases,First Class,Africa,28,46,1.64,2.07,1,3,21,0,75.00,0.00,9960.01,1424.05,1641.20,-31.13
Furniture,Bookcases,Same Day,North,17,62,3.65,0.06,0,1,17,0,100.00,0.00,9429.22,586.65,1736.80,6.18
Furniture,Chairs,Second Class,Africa,39,82,2.10,3.54,2,5,12,0,30.77,0.00,14103.00,2909.91,1976.31,-3.21
Office Supplies,Labels,Second Class,South,63,220,3.49,3.19,2,5,27,0,42.86,0.00,2120.90,603.57,295.46,7.74
Furniture,Bookcases,Second Class,North,51,202,3.96,3.14,2,5,20,0,39.22,0.00,26829.68,4110.74,2936.33,8.82
Furniture,Furnishings,Standard Class,Oceania,114,437,3.83,5.04,4,7,0,0,0.00,0.00,17162.85,2632.19,1447.53,14.56
Technology,Accessories,Standard Class,Caribbean,63,220,3.49,4.81,4,7,0,0,0.00,0.00,11388.89,1867.27,973.58,12.16
Furniture,Furnishings,Same Day,West,16,58,3.63,0.00,0,0,16,0,100.00,0.00,1121.33,326.24,218.15,29.82
Furniture,Furnishings,First Class,Canada,3,3,1.00,2.00,2,2,3,0,100.00,0.00,118.17,14.01,25.23,9.94
Furniture,Bookcases,Second Class,EMEA,42,86,2.05,3.10,2,5,20,0,47.62,0.00,15194.03,211.16,1811.09,-11.65
Technology,Accessories,Second Class,Oceania,64,238,3.72,3.25,2,5,25,0,39.06,0.00,19267.89,3428.25,2432.47,12.66
Furniture,Furnishings,First Class,South,61,190,3.11,2.23,1,3,37,0,60.66,0.00,7672.23,1076.51,1232.54,16.75
Office Supplies,Binders,Standard Class,West,276,1145,4.15,5.05,4,7,0,0,0.00,0.00,33221.55,9010.87,3218.95,15.15
Office Supplies,Supplies,Same Day,South,11,42,3.82,0.00,0,0,11,0,100.00,0.00,1000.88,160.59,204.71,16.32
Technology,Machines,Standard Class,West,25,102,4.08,5.20,4,7,0,0,0.00,0.00,22447.24,-1316.68,2036.62,-0.30
Office Supplies,Envelopes,Second Class,Caribbean,24,67,2.79,2.83,2,5,14,0,58.33,0.00,1065.31,186.61,162.54,11.77
Technology,Copiers,First Class,Southeast Asia,24,81,3.38,2.42,1,3,12,0,50.00,0.00,14036.01,1331.88,1765.27,9.34
Furniture,Furnishings,Standard Class,East,163,588,3.61,4.88,4,7,0,0,0.00,0.00,17763.91,3555.22,1633.26,27.01
Office Supplies,Appliances,Standard Class,North Asia,35,136,3.89,4.91,4,7,0,0,0.00,0.00,28351.02,7781.82,2264.20,22.90
Furniture,Bookcases,Second Class,East,16,51,3.19,3.56,2,5,4,0,25.00,0.00,6896.73,-564.88,625.35,-17.17
Office Supplies,Paper,Standard Class,South,309,1221,3.95,5.01,4,7,0,0,0.00,0.00,21725.89,5879.11,1742.52,23.30
Office Supplies,Labels,First Class,Central,67,243,3.63,2.24,1,3,37,0,55.22,0.00,1794.88,329.29,313.88,15.42
Office Supplies,Art,Standard Class,EMEA,390,873,2.24,4.95,4,7,0,0,0.00,0.00,21535.30,1505.06,1821.07,-16.65
Furniture,Furnishings,Same Day,Oceania,8,28,3.50,0.13,0,1,8,0,100.00,0.00,1300.68,120.12,259.70,7.41
Office Supplies,Storage,Second Class,North Asia,33,136,4.12,3.39,2,5,12,0,36.36,0.00,7310.13,1230.72,749.78,18.86
Technology,Accessories,First Class,Southeast Asia,38,150,3.95,2.37,1,3,20,0,52.63,0.00,9589.61,-3344.67,1427.15,-36.46
Technology,Phones,Second Class,South,105,393,3.74,3.10,2,5,49,0,46.67,0.00,48170.42,-1408.02,5268.42,-2.05
Technology,Machines,Same Day,Central,13,52,4.00,0.08,0,1,13,0,100.00,0.00,7412.04,81.80,1299.17,-5.50
Technology,Copiers,Second Class,East,3,10,3.33,4.00,2,5,1,0,33.33,0.00,3859.93,1189.98,421.15,25.56
Furniture,Bookcases,Standard Class,Central,299,1130,3.78,4.96,4,7,0,0,0.00,0.00,185352.10,16126.82,15167.95,6.51
Office Supplies,Paper,Second Class,Caribbean,24,94,3.92,3.13,2,5,11,0,45.83,0.00,1544.22,341.34,159.35,15.20
Furniture,Bookcases,First Class,East,12,41,3.42,2.00,1,3,9,0,75.00,0.00,4820.88,25.71,962.94,-11.40
Office Supplies,Binders,First Class,EMEA,106,191,1.80,2.11,1,3,63,0,59.43,0.00,2978.49,376.11,471.45,-6.23
Office Supplies,Appliances,Same Day,North,9,32,3.56,0.00,0,0,9,0,100.00,0.00,5546.72,-44.58,873.35,12.10
Furniture,Furnishings,Second Class,Southeast Asia,32,160,5.00,3.38,2,5,10,0,31.25,0.00,4884.74,286.55,586.13,6.79
Technology,Phones,Second Class,East,47,179,3.81,3.28,2,5,16,0,34.04,0.00,14998.75,1498.41,1675.46,7.32
Technology,Phones,First Class,South,57,203,3.56,2.07,1,3,37,0,64.91,0.00,24075.89,297.79,3676.13,3.52
Technology,Copiers,Same Day,South,16,56,3.50,0.13,0,1,16,0,100.00,0.00,9038.06,1202.10,1695.38,6.41
Office Supplies,Binders,Standard Class,North Asia,119,463,3.89,5.06,4,7,0,0,0.00,0.00,8510.27,1676.86,673.52,17.54
Office Supplies,Appliances,Second Class,North,20,87,4.35,3.25,2,5,7,0,35.00,0.00,25113.62,6314.96,2583.03,1.29
Technology,Phones,Second Class,Caribbean,23,104,4.52,3.43,2,5,7,0,30.43,0.00,8223.03,934.27,1553.50,13.97
Technology,Machines,Standard Class,North Asia,50,219,4.38,5.00,4,7,0,0,0.00,0.00,31171.15,7049.45,2695.40,16.41
Furniture,Bookcases,First Class,South,50,177,3.54,1.92,1,3,39,0,78.00,0.00,30193.40,5723.32,4314.81,12.09
Office Supplies,Fasteners,Standard Class,North Asia,87,361,4.15,4.94,4,7,0,0,0.00,0.00,4410.18,768.48,365.40,12.58
Technology,Machines,Second Class,North Asia,10,49,4.90,3.50,2,5,2,0,20.00,0.00,7344.20,1005.34,907.89,-2.02
Office Supplies,Storage,Standard Class,South,376,1391,3.70,4.97,4,7,0,0,0.00,0.00,78429.13,453.94,6233.09,-4.18
Technology,Machines,First Class,Central Asia,8,29,3.63,2.38,2,3,5,0,62.50,0.00,4227.42,1333.80,684.26,30.85
Office Supplies,Binders,First Class,Southeast Asia,37,140,3.78,2.32,1,3,18,0,48.65,0.00,2616.57,97.56,504.96,13.93
Furniture,Chairs,Second Class,East,35,137,3.91,3.00,2,5,18,0,51.43,0.00,24560.86,1680.16,3260.77,6.37
Office Supplies,Binders,Same Day,Canada,6,12,2.00,0.00,0,0,6,0,100.00,0.00,222.93,67.65,33.61,30.98
Technology,Copiers,Same Day,North,21,63,3.00,0.00,0,0,21,0,100.00,0.00,13521.87,1819.04,2182.59,12.53
Technology,Copiers,Same Day,Central Asia,4,12,3.00,0.25,0,1,4,0,100.00,0.00,2158.32,679.86,526.89,25.99
Office Supplies,Art,Second Class,Africa,130,267,2.05,3.32,2,5,48,0,36.92,0.00,8217.14,1321.87,966.62,-11.86
Technology,Phones,Second Class,Southeast Asia,30,120,4.00,3.40,2,5,10,0,33.33,0.00,19172.98,1362.75,1943.61,13.25
Office Supplies,Paper,First Class,North Asia,30,102,3.40,1.93,1,3,23,0,76.67,0.00,2865.12,769.02,462.52,19.74
Technology,Phones,Second Class,North,55,210,3.82,3.07,2,5,22,0,40.00,0.00,33998.35,5394.79,4249.00,11.87
Office Supplies,Paper,First Class,EMEA,22,62,2.82,2.18,1,3,12,0,54.55,0.00,1220.12,-17.23,156.84,-33.86
Office Supplies,Fasteners,Standard Class,South,191,685,3.59,5.08,4,7,0,0,0.00,0.00,5945.28,1080.20,452.08,8.58
Technology,Accessories,First Class,Central,98,373,3.81,2.20,1,3,55,0,56.12,0.00,24278.90,4865.19,4230.48,14.05
Office Supplies,Fasteners,First Class,North,34,136,4.00,2.32,1,3,15,0,44.12,0.00,1293.62,234.61,230.68,18.75
Office Supplies,Labels,First Class,South,53,211,3.98,2.11,1,3,35,0,66.04,0.00,1617.46,380.95,282.33,16.12
Office Supplies,Labels,Same Day,Central Asia,7,19,2.71,0.00,0,0,7,0,100.00,0.00,140.94,33.69,18.96,19.93
Office Supplies,Art,Same Day,Oceania,14,35,2.50,0.07,0,1,14,0,100.00,0.00,924.07,94.90,155.06,11.40
Office Supplies,Appliances,Second Class,North Asia,18,75,4.17,2.83,2,5,10,0,55.56,0.00,14743.18,2192.30,2474.56,18.87
Technology,Phones,Same Day,South,22,105,4.77,0.00,0,0,22,0,100.00,0.00,14968.15,-96.97,1892.69,5.28
Technology,Copiers,Standard Class,Central Asia,69,259,3.75,4.86,4,7,0,0,0.00,0.00,56202.11,8807.41,4650.96,8.44
Furniture,Tables,Standard Class,East,45,146,3.24,4.69,4,7,0,0,0.00,0.00,23287.62,-6942.59,2131.56,-28.96
Office Supplies,Appliances,Same Day,Africa,9,30,3.33,0.00,0,0,9,0,100.00,0.00,6026.06,-571.81,1291.12,-52.34
Office Supplies,Supplies,Standard Class,West,41,142,3.46,5.27,4,7,0,0,0.00,0.00,3750.63,-38.72,310.68,16.38
Technology,Machines,Standard Class,Caribbean,17,54,3.18,5.06,4,7,0,0,0.00,0.00,2842.84,-770.58,209.39,-65.26
Office Supplies,Fasteners,First Class,Caribbean,17,62,3.65,2.12,1,3,11,0,64.71,0.00,479.09,89.73,89.81,16.14
Office Supplies,Supplies,Standard Class,EMEA,129,351,2.72,5.04,4,7,0,0,0.00,0.00,9109.99,705.07,759.33,-6.18
Office Supplies,Fasteners,Same Day,Oceania,8,26,3.25,0.00,0,0,8,0,100.00,0.00,277.06,19.60,51.92,-2.49
Technology,Phones,Standard Class,East,167,610,3.65,4.97,4,7,0,0,0.00,0.00,61149.94,5801.17,5050.03,7.39
Office Supplies,Storage,First Class,Africa,90,183,2.03,2.26,1,3,53,0,58.89,0.00,15149.06,1880.23,2311.94,-17.72
Office Supplies,Labels,Same Day,North,12,44,3.67,0.00,0,0,12,0,100.00,0.00,257.71,8.15,43.60,2.82
Office Supplies,Envelopes,Second Class,East,16,60,3.75,3.19,2,5,9,0,56.25,0.00,925.52,406.09,142.72,43.37
Technology,Copiers,Same Day,East,1,2,2.00,0.00,0,0,1,0,100.00,0.00,799.98,250.00,223.13,31.25
Office Supplies,Appliances,Second Class,EMEA,32,64,2.00,3.50,2,5,11,0,34.38,0.00,16866.93,2249.28,2007.79,-16.49
Furniture,Furnishings,First Class,Central,75,291,3.88,2.20,1,3,44,0,58.67,0.00,8098.27,906.85,1351.65,-0.54
Furniture,Tables,Standard Class,EMEA,21,39,1.86,4.71,4,7,0,0,0.00,0.00,17107.56,4348.47,1643.77,15.35
Office Supplies,Supplies,Second Class,Caribbean,27,93,3.44,3.19,2,5,10,0,37.04,0.00,1599.85,222.01,211.63,13.96
Technology,Copiers,Standard Class,South,189,652,3.45,4.94,4,7,0,0,0.00,0.00,106001.17,14922.55,8685.11,6.33
Office Supplies,Envelopes,Second Class,North Asia,28,73,2.61,3.32,2,5,7,0,25.00,0.00,2124.29,510.01,320.17,20.69
Office Supplies,Paper,Second Class,South,99,386,3.90,3.16,2,5,39,0,39.39,0.00,5994.67,1691.31,747.54,21.61
Office Supplies,Envelopes,First Class,Southeast Asia,27,88,3.26,2.26,1,3,16,0,59.26,0.00,1506.72,-293.70,255.40,-28.68
Technology,Accessories,Same Day,East,10,49,4.90,0.00,0,0,10,0,100.00,0.00,4731.13,1206.95,1382.08,18.28
Office Supplies,Fasteners,Second Class,Africa,41,109,2.66,3.34,2,5,13,0,31.71,0.00,1196.92,265.96,146.58,8.35
Office Supplies,Art,Second Class,East,45,172,3.82,3.00,2,5,20,0,44.44,0.00,1594.05,435.54,271.65,25.68
Office Supplies,Storage,First Class,Southeast Asia,47,185,3.94,2.28,1,3,27,0,57.45,0.00,14708.90,9.80,2333.17,4.99
Furniture,Bookcases,First Class,Canada,3,9,3.00,2.00,2,2,3,0,100.00,0.00,1155.18,413.22,169.30,33.32
Technology,Phones,First Class,North,37,147,3.97,2.05,1,3,23,0,62.16,0.00,22903.19,2646.28,4267.17,16.18
Office Supplies,Paper,First Class,Canada,5,10,2.00,2.40,2,3,3,0,60.00,0.00,279.93,49.71,28.41,17.57
Technology,Machines,Same Day,Central Asia,4,22,5.50,0.00,0,0,4,0,100.00,0.00,4339.83,1114.95,1027.07,27.49
Furniture,Chairs,Same Day,Southeast Asia,14,46,3.29,0.00,0,0,14,0,100.00,0.00,5789.55,1035.51,893.80,20.24
Furniture,Furnishings,Standard Class,Central,406,1460,3.60,5.07,4,7,0,0,0.00,0.00,54175.20,6786.49,4370.20,0.37
Office Supplies,Supplies,Second Class,Oceania,50,210,4.20,3.36,2,5,15,0,30.00,0.00,5940.13,637.26,651.51,8.15
Technology,Machines,Standard Class,Southeast Asia,74,285,3.85,4.91,4,7,0,0,0.00,0.00,35069.80,1695.04,2717.59,6.14
Office Supplies,Art,Standard Class,Southeast Asia,118,413,3.50,4.84,4,7,0,0,0.00,0.00,9426.24,-540.04,732.00,-12.02
Technology,Accessories,Same Day,Southeast Asia,13,53,4.08,0.00,0,0,13,0,100.00,0.00,2322.30,-254.37,484.28,-24.24
Furniture,Bookcases,Same Day,Caribbean,6,21,3.50,0.00,0,0,6,0,100.00,0.00,2007.48,-662.46,327.14,-23.57
Furniture,Chairs,First Class,Africa,19,59,3.11,2.11,1,3,12,0,63.16,0.00,7008.25,-610.64,1309.28,9.98
Furniture,Chairs,Standard Class,South,245,948,3.87,5.09,4,7,0,0,0.00,0.00,97055.51,2668.80,7870.35,-8.65
Office Supplies,Appliances,Standard Class,South,134,477,3.56,5.07,4,7,0,0,0.00,0.00,71814.98,11895.03,5700.93,10.46
Technology,Copiers,Second Class,EMEA,35,66,1.89,3.23,2,5,13,0,37.14,0.00,15039.33,2412.50,1907.09,-4.58
Technology,Copiers,First Class,North,32,118,3.69,2.28,1,3,20,0,62.50,0.00,16861.69,2112.01,2343.14,13.62
Office Supplies,Art,First Class,Central Asia,10,36,3.60,2.60,2,3,4,0,40.00,0.00,1405.11,386.46,355.78,26.06
Office Supplies,Appliances,Standard Class,Central,233,853,3.66,4.93,4,7,0,0,0.00,0.00,115772.80,12735.02,9327.54,-39.17
Technology,Machines,First Class,Canada,2,2,1.00,2.00,2,2,2,0,100.00,0.00,566.43,112.86,194.21,20.49
Office Supplies,Binders,Same Day,EMEA,44,96,2.18,0.02,0,1,44,0,100.00,0.00,1476.38,149.92,186.42,-0.14
Furniture,Furnishings,Second Class,Africa,41,76,1.85,3.12,2,5,19,0,46.34,0.00,2984.92,209.92,362.90,-15.21
Office Supplies,Paper,Second Class,Africa,60,167,2.78,3.30,2,5,23,0,38.33,0.00,4486.04,627.32,553.29,-9.52
Furniture,Tables,Second Class,West,27,123,4.56,3.07,2,5,12,0,44.44,0.00,23103.51,1796.80,3131.25,-0.73
Office Supplies,Appliances,First Class,Canada,7,13,1.86,2.43,2,3,4,0,57.14,0.00,3141.90,695.22,482.37,16.56
Office Supplies,Envelopes,First Class,Caribbean,11,47,4.27,2.09,1,3,7,0,63.64,0.00,701.22,123.40,80.60,12.87
Office Supplies,Fasteners,Second Class,Central Asia,28,83,2.96,2.93,2,5,16,0,57.14,0.00,980.82,171.30,132.48,9.79
Furniture,Furnishings,Second Class,Central Asia,22,74,3.36,2.86,2,5,10,0,45.45,0.00,3541.75,1037.59,318.82,26.14
Furniture,Tables,Second Class,East,16,51,3.19,3.75,2,5,4,0,25.00,0.00,7870.57,-2033.05,994.50,-24.27
Furniture,Tables,Same Day,East,9,36,4.00,0.00,0,0,9,0,100.00,0.00,4235.03,-1168.39,971.62,-31.85
Furniture,Furnishings,Same Day,Central Asia,9,24,2.67,0.00,0,0,9,0,100.00,0.00,1159.26,172.08,191.06,15.49
Technology,Copiers,Second Class,Oceania,44,132,3.00,3.39,2,5,13,0,29.55,0.00,25735.68,1598.81,3504.94,3.60
Office Supplies,Binders,First Class,Central Asia,25,91,3.64,2.24,1,3,16,0,64.00,0.00,1562.08,256.88,275.22,14.80
Office Supplies,Appliances,Second Class,Africa,33,65,1.97,2.97,2,5,14,0,42.42,0.00,14015.39,1329.82,2371.86,-27.17
Furniture,Furnishings,Second Class,Caribbean,18,66,3.67,3.22,2,5,7,0,38.89,0.00,2251.27,-138.55,281.00,-26.85
Technology,Copiers,First Class,EMEA,21,53,2.52,2.05,1,3,13,0,61.90,0.00,10318.30,1257.01,2076.57,-19.29
Office Supplies,Supplies,Second Class,Africa,39,104,2.67,3.26,2,5,14,0,35.90,0.00,2546.99,393.11,350.47,-7.32
Office Supplies,Paper,Same Day,Southeast Asia,8,35,4.38,0.00,0,0,8,0,100.00,0.00,503.97,-283.44,91.76,-46.65
Office Supplies,Appliances,Standard Class,East,78,287,3.68,4.73,4,7,0,0,0.00,0.00,18356.46,4656.36,1595.47,22.83
Office Supplies,Fasteners,Standard Class,Central,307,1123,3.66,4.91,4,7,0,0,0.00,0.00,11072.18,2291.96,930.08,13.24
Office Supplies,Paper,Second Class,Southeast Asia,32,114,3.56,3.19,2,5,10,0,31.25,0.00,1987.89,-249.57,239.16,-25.54
Office Supplies,Envelopes,Second Class,South,76,276,3.63,3.09,2,5,32,0,42.11,0.00,5296.49,1026.20,739.85,12.96
Technology,Accessories,First Class,North,35,128,3.66,2.06,1,3,25,0,71.43,0.00,9029.76,2309.70,1646.85,28.28
Office Supplies,Supplies,First Class,North,30,130,4.33,2.57,1,3,10,0,33.33,0.00,3447.57,833.07,623.82,25.09
Furniture,Furnishings,Second Class,Central,145,516,3.56,3.26,2,5,62,0,42.76,0.00,16069.26,1418.81,2059.45,-3.75
Technology,Phones,First Class,Canada,5,14,2.80,2.40,1,3,2,0,40.00,0.00,1900.56,534.66,236.63,26.39
Technology,Machines,Standard Class,Central,192,701,3.65,5.21,4,7,0,0,0.00,0.00,101627.78,6208.23,7596.81,-1.16
Technology,Copiers,Standard Class,North,157,613,3.90,5.05,4,7,0,0,0.00,0.00,109692.59,22994.42,9221.89,18.97
Furniture,Furnishings,Second Class,West,54,197,3.65,3.24,2,5,21,0,38.89,0.00,4935.12,1371.68,564.89,31.93
Office Supplies,Art,Same Day,Central,77,280,3.64,0.06,0,1,77,0,100.00,0.00,8692.51,1769.25,1464.85,14.70
Office Supplies,Labels,Second Class,West,25,118,4.72,3.32,2,5,9,0,36.00,0.00,1585.46,672.43,135.12,45.60
Office Supplies,Storage,Same Day,Oceania,17,51,3.00,0.06,0,1,17,0,100.00,0.00,2989.74,305.94,703.30,4.85
Office Supplies,Supplies,Same Day,Caribbean,7,20,2.86,0.00,0,0,7,0,100.00,0.00,364.26,76.40,73.41,19.99
Furniture,Tables,First Class,West,16,57,3.56,2.19,1,3,10,0,62.50,0.00,9887.62,235.08,1907.76,-6.06
Office Supplies,Labels,Same Day,Oceania,13,54,4.15,0.08,0,1,13,0,100.00,0.00,481.49,27.41,111.82,3.65
Office Supplies,Paper,Same Day,Africa,10,25,2.50,0.00,0,0,10,0,100.00,0.00,882.09,231.90,98.62,24.96
Technology,Accessories,Standard Class,East,119,406,3.41,4.81,4,7,0,0,0.00,0.00,22560.05,5975.03,1938.40,22.72
Furniture,Bookcases,Standard Class,East,39,153,3.92,5.05,4,7,0,0,0.00,0.00,30807.46,-917.81,1958.71,-7.87
Furniture,Tables,First Class,South,27,91,3.37,2.19,1,3,18,0,66.67,0.00,23226.52,-3421.60,3791.68,-44.36
Office Supplies,Supplies,Standard Class,Canada,13,29,2.23,5.08,4,7,0,0,0.00,0.00,845.55,249.06,66.47,27.34
Office Supplies,Fasteners,Second Class,EMEA,45,97,2.16,3.18,2,5,20,0,44.44,0.00,1149.11,209.24,134.63,-4.39
Technology,Accessories,Second Class,North Asia,29,121,4.17,3.34,2,5,8,0,27.59,0.00,8163.66,1446.24,1131.21,19.97
Office Supplies,Storage,Second Class,Canada,13,37,2.85,2.85,2,5,8,0,61.54,0.00,2494.35,443.31,306.63,26.26
Furniture,Chairs,Same Day,North Asia,11,39,3.55,0.00,0,0,11,0,100.00,0.00,7595.52,2028.75,1253.69,24.99
Office Supplies,Appliances,Same Day,Caribbean,3,12,4.00,0.00,0,0,3,0,100.00,0.00,3932.12,1201.28,546.89,31.16
Office Supplies,Envelopes,Same Day,West,4,13,3.25,0.25,0,1,4,0,100.00,0.00,132.26,62.65,16.74,48.25
Furniture,Tables,First Class,Southeast Asia,11,47,4.27,2.00,1,3,8,0,72.73,0.00,10828.53,-4653.30,1398.19,-45.82
Office Supplies,Fasteners,Same Day,Central,20,68,3.40,0.05,0,1,20,0,100.00,0.00,612.13,142.54,100.44,20.32
Office Supplies,Labels,Standard Class,Canada,14,30,2.14,4.79,4,6,0,0,0.00,0.00,273.93,89.37,22.76,29.84
Furniture,Tables,Second Class,Africa,8,31,3.88,3.25,2,5,4,0,50.00,0.00,13660.41,1568.70,1157.41,-3.13
Office Supplies,Storage,Same Day,Canada,6,17,2.83,0.00,0,0,6,0,100.00,0.00,865.71,135.81,136.32,17.94
Office Supplies,Labels,First Class,Oceania,32,139,4.34,2.00,1,3,22,0,68.75,0.00,1170.51,164.70,254.08,7.85
Furniture,Furnishings,First Class,North Asia,24,90,3.75,2.08,1,3,16,0,66.67,0.00,4297.75,898.80,927.30,22.99
Office Supplies,Paper,Standard Class,Oceania,135,548,4.06,4.96,4,7,0,0,0.00,0.00,13220.23,1866.38,998.81,12.03
Office Supplies,Supplies,First Class,East,10,32,3.20,2.20,1,3,6,0,60.00,0.00,691.12,13.81,108.84,7.37
Office Supplies,Appliances,First Class,Caribbean,11,40,3.64,2.27,1,3,6,0,54.55,0.00,4213.55,781.45,852.51,16.14
Furniture,Furnishings,Standard Class,North,155,551,3.55,5.01,4,7,0,0,0.00,0.00,13580.68,-3497.96,1065.38,-28.37
Office Supplies,Art,Same Day,West,16,66,4.13,0.13,0,1,16,0,100.00,0.00,720.69,253.68,165.85,33.70
Office Supplies,Art,Standard Class,Oceania,117,450,3.85,5.02,4,7,0,0,0.00,0.00,11822.68,1124.32,898.78,9.57
Furniture,Furnishings,Second Class,North Asia,29,116,4.00,3.24,2,5,11,0,37.93,0.00,4473.16,1238.02,556.97,24.16
Office Supplies,Supplies,Second Class,North Asia,30,116,3.87,3.33,2,5,10,0,33.33,0.00,3934.40,796.69,434.65,18.34
Office Supplies,Paper,Same Day,East,23,94,4.09,0.00,0,0,23,0,100.00,0.00,960.32,418.35,185.82,41.76
Technology,Phones,Second Class,North Asia,28,108,3.86,2.82,2,5,15,0,53.57,0.00,19927.56,4815.36,2676.55,17.24
Office Supplies,Fasteners,Second Class,Canada,3,3,1.00,2.67,2,3,1,0,33.33,0.00,47.34,17.04,3.72,35.90
Office Supplies,Storage,Second Class,East,48,184,3.83,3.31,2,5,17,0,35.42,0.00,19330.69,2382.88,2491.60,12.46
Furniture,Tables,Standard Class,Caribbean,13,46,3.54,5.08,4,7,0,0,0.00,0.00,10427.93,-1566.59,639.99,-68.09
Technology,Phones,Same Day,Oceania,14,50,3.57,0.21,0,1,14,0,100.00,0.00,4271.33,676.24,702.23,8.86
Office Supplies,Labels,Second Class,EMEA,34,65,1.91,3.03,2,5,16,0,47.06,0.00,579.90,79.35,77.38,-0.97
Technology,Machines,Same Day,North Asia,5,14,2.80,0.00,0,0,5,0,100.00,0.00,2115.72,661.56,385.69,9.99
Furniture,Chairs,Same Day,Caribbean,9,30,3.33,0.00,0,0,9,0,100.00,0.00,2090.46,99.30,345.34,-3.72
Office Supplies,Paper,First Class,Southeast Asia,24,89,3.71,2.00,1,3,19,0,79.17,0.00,1643.80,-178.76,255.07,-19.70
Furniture,Tables,Standard Class,Canada,1,1,1.00,5.00,5,5,0,0,0.00,0.00,315.75,129.45,28.79,41.00
Office Supplies,Binders,First Class,Oceania,31,103,3.32,2.03,1,3,20,0,64.52,0.00,1960.07,321.80,280.71,5.83
Furniture,Tables,Same Day,EMEA,2,5,2.50,0.00,0,0,2,0,100.00,0.00,2705.43,1214.85,548.49,43.00
Office Supplies,Storage,Standard Class,Central,744,2754,3.70,5.06,4,7,0,0,0.00,0.00,192455.45,20755.09,14959.41,7.02
Office Supplies,Art,First Class,North,70,250,3.57,2.26,1,3,39,0,55.71,0.00,6684.85,1275.01,1202.57,12.27
Office Supplies,Labels,Standard Class,Oceania,139,503,3.62,4.94,4,7,0,0,0.00,0.00,4273.58,671.56,362.23,12.18
Technology,Accessories,Standard Class,Central Asia,84,305,3.63,4.83,4,7,0,0,0.00,0.00,29631.15,5494.23,2246.91,12.73
Office Supplies,Labels,First Class,Caribbean,18,62,3.44,1.94,1,3,15,0,83.33,0.00,334.84,55.04,64.64,16.05
Furniture,Bookcases,Second Class,Central Asia,19,87,4.58,2.79,2,5,11,0,57.89,0.00,24272.28,4798.50,2786.68,20.94
Office Supplies,Paper,Second Class,East,77,298,3.87,3.23,2,5,27,0,35.06,0.00,4666.18,2115.56,603.72,42.76
Technology,Machines,Same Day,Oceania,8,23,2.88,0.25,0,1,8,0,100.00,0.00,2686.00,493.96,469.54,20.08
Office Supplies,Binders,Standard Class,EMEA,432,1021,2.36,5.00,4,7,0,0,0.00,0.00,17243.67,2176.16,1326.19,-6.17
Office Supplies,Art,First Class,EMEA,101,240,2.38,2.27,1,3,57,0,56.44,0.00,5088.97,-258.83,878.63,-23.12
Technology,Phones,Standard Class,West,169,654,3.87,5.04,4,7,0,0,0.00,0.00,59906.40,5581.77,5137.49,8.63
Office Supplies,Envelopes,First Class,Canada,3,6,2.00,2.00,2,2,3,0,100.00,0.00,181.17,31.56,50.71,24.29
Office Supplies,Binders,Standard Class,South,480,1824,3.80,4.94,4,7,0,0,0.00,0.00,47808.08,7373.71,3871.14,-6.34
Technology,Copiers,Standard Class,West,10,29,2.90,5.20,4,7,0,0,0.00,0.00,12619.75,4529.92,830.62,32.35
Furniture,Tables,Same Day,North,3,8,2.67,0.00,0,0,3,0,100.00,0.00,1721.00,191.00,359.88,12.99
Office Supplies,Storage,Same Day,EMEA,37,82,2.22,0.03,0,1,37,0,100.00,0.00,5276.48,-95.29,784.03,-18.16
Office Supplies,Labels,First Class,North,41,154,3.76,2.44,1,3,20,0,48.78,0.00,1116.59,238.96,200.94,17.79
Furniture,Bookcases,Second Class,Southeast Asia,19,72,3.79,3.26,2,5,5,0,26.32,0.00,16648.57,2174.11,2367.15,12.91
Furniture,Tables,First Class,Africa,5,7,1.40,2.20,1,3,3,0,60.00,0.00,2293.47,230.70,443.18,-15.27
Office Supplies,Appliances,First Class,West,25,71,2.84,2.36,1,3,12,0,48.00,0.00,4603.54,1326.98,919.10,26.11
Furniture,Furnishings,Standard Class,Canada,8,12,1.50,4.88,4,7,0,0,0.00,0.00,544.26,60.06,42.48,16.46
Office Supplies,Labels,Same Day,Southeast Asia,3,16,5.33,0.00,0,0,3,0,100.00,0.00,96.58,-35.54,17.70,-35.49
Furniture,Bookcases,First Class,Caribbean,13,45,3.46,2.38,1,3,6,0,46.15,0.00,4649.55,213.19,817.67,-3.68
Office Supplies,Fasteners,Second Class,Oceania,49,165,3.37,3.08,2,5,17,0,34.69,0.00,2049.90,224.16,258.22,5.45
Office Supplies,Appliances,Same Day,North Asia,2,6,3.00,0.00,0,0,2,0,100.00,0.00,1856.70,222.78,86.01,12.49
Furniture,Bookcases,Same Day,Canada,2,3,1.50,0.00,0,0,2,0,100.00,0.00,429.18,157.71,84.82,31.49
Office Supplies,Binders,First Class,West,77,318,4.13,1.94,1,3,51,0,66.23,0.00,8224.32,2301.52,1252.35,13.32
Office Supplies,Art,Standard Class,Africa,353,921,2.61,5.03,4,7,0,0,0.00,0.00,22284.63,2128.44,1807.26,-17.02
Office Supplies,Fasteners,Same Day,South,18,63,3.50,0.00,0,0,18,0,100.00,0.00,506.32,112.40,97.14,8.97
Furniture,Furnishings,Standard Class,Central Asia,82,283,3.45,4.84,4,7,0,0,0.00,0.00,13422.63,3206.82,944.61,24.69
Technology,Phones,Same Day,North Asia,6,17,2.83,0.00,0,0,6,0,100.00,0.00,3400.40,237.07,764.73,-15.70
Furniture,Bookcases,Second Class,South,71,253,3.56,3.11,2,5,33,0,46.48,0.00,32386.23,3294.55,4051.70,-5.98
Technology,Accessories,Second Class,Southeast Asia,33,124,3.76,3.70,2,5,6,0,18.18,0.00,8995.83,-572.61,1030.12,-21.86
Office Supplies,Binders,Second Class,Central Asia,41,166,4.05,3.20,2,5,14,0,34.15,0.00,2744.34,644.28,387.75,17.50
Office Supplies,Fasteners,Standard Class,Central Asia,73,283,3.88,4.95,4,7,0,0,0.00,0.00,3928.25,743.35,293.26,13.96
Technology,Phones,Standard Class,Africa,142,337,2.37,4.89,4,7,0,0,0.00,0.00,55820.92,8365.50,4374.00,-29.12
Furniture,Furnishings,Second Class,North,55,206,3.75,3.27,2,5,16,0,29.09,0.00,4820.09,-1004.74,623.76,-25.04
Office Supplies,Paper,First Class,Africa,33,73,2.21,2.15,1,3,21,0,63.64,0.00,1395.68,-45.04,264.00,-33.73
Technology,Copiers,Second Class,Southeast Asia,27,95,3.52,3.48,2,5,7,0,25.93,0.00,16337.21,65.66,1635.70,-2.45
Office Supplies,Envelopes,Same Day,Southeast Asia,6,20,3.33,0.00,0,0,6,0,100.00,0.00,409.74,-48.69,88.06,-9.33
Furniture,Chairs,First Class,Caribbean,27,104,3.85,2.19,1,3,18,0,66.67,0.00,6304.12,1263.72,1047.09,18.71
Furniture,Furnishings,Same Day,Africa,8,20,2.50,0.13,0,1,8,0,100.00,0.00,820.25,262.04,105.09,12.84
Office Supplies,Storage,First Class,Central,159,589,3.70,2.22,1,3,93,0,58.49,0.00,36091.57,3233.52,5365.84,5.49
Office Supplies,Envelopes,Standard Class,Canada,6,18,3.00,4.33,4,5,0,0,0.00,0.00,358.92,128.79,21.95,29.88
Furniture,Tables,Second Class,Caribbean,8,36,4.50,3.50,2,5,1,0,12.50,0.00,6749.54,232.38,709.60,-42.51
Technology,Copiers,Second Class,North Asia,27,105,3.89,3.07,2,5,10,0,37.04,0.00,23915.50,5776.88,2700.48,20.33
Technology,Copiers,Same Day,West,2,10,5.00,0.00,0,0,2,0,100.00,0.00,5199.92,1784.98,883.38,34.38
Furniture,Bookcases,Standard Class,North,156,591,3.79,4.99,4,7,0,0,0.00,0.00,96598.24,10808.63,7643.16,9.49
Technology,Phones,Standard Class,South,249,967,3.88,4.96,4,7,0,0,0.00,0.00,103020.87,5814.26,8167.95,1.16
Furniture,Bookcases,Standard Class,Southeast Asia,108,396,3.67,4.92,4,7,0,0,0.00,0.00,73292.44,3354.24,6653.60,-0.58
Office Supplies,Supplies,Second Class,South,71,286,4.03,3.11,2,5,33,0,46.48,0.00,11318.64,1002.38,1911.07,11.25
Furniture,Furnishings,Same Day,Caribbean,4,17,4.25,0.00,0,0,4,0,100.00,0.00,230.04,59.74,47.43,-0.10
Furniture,Bookcases,Standard Class,West,43,164,3.81,4.70,4,7,0,0,0.00,0.00,18918.44,-1459.07,1722.11,-25.82
Office Supplies,Labels,First Class,North Asia,23,76,3.30,2.22,1,3,15,0,65.22,0.00,851.16,212.37,150.74,25.98
Furniture,Bookcases,Second Class,West,17,63,3.71,2.71,2,5,11,0,64.71,0.00,6921.00,-14.09,910.96,-21.27
Furniture,Chairs,Second Class,North Asia,39,142,3.64,2.92,2,5,18,0,46.15,0.00,19756.07,2242.30,2250.42,15.23
Technology,Accessories,First Class,East,34,117,3.44,2.15,1,3,24,0,70.59,0.00,7745.51,1674.88,1541.25,17.96
Furniture,Bookcases,First Class,Oceania,22,66,3.00,2.09,1,3,14,0,63.64,0.00,13228.25,1700.27,2823.03,3.59
Office Supplies,Paper,Second Class,EMEA,43,94,2.19,3.05,2,5,17,0,39.53,0.00,1911.47,65.03,242.07,-23.83
Office Supplies,Appliances,Second Class,East,16,73,4.56,3.19,2,5,9,0,56.25,0.00,6101.25,1588.48,817.46,23.03
Office Supplies,Paper,Standard Class,West,258,1015,3.93,4.98,4,7,0,0,0.00,0.00,15519.78,6938.20,1308.59,45.04
Office Supplies,Envelopes,Same Day,South,21,96,4.57,0.14,0,1,21,0,100.00,0.00,1780.15,154.15,322.77,8.73
Office Supplies,Fasteners,Second Class,North,51,192,3.76,3.20,2,5,23,0,45.10,0.00,2090.30,353.70,265.23,11.69
Office Supplies,Fasteners,Standard Class,West,46,179,3.89,4.80,4,7,0,0,0.00,0.00,640.98,165.63,53.74,28.76
Furniture,Tables,Standard Class,North Asia,23,100,4.35,5.13,4,7,0,0,0.00,0.00,28792.18,-4652.42,2356.58,-47.44
Office Supplies,Art,First Class,Central,167,690,4.13,2.26,1,3,94,0,56.29,0.00,16784.35,3173.53,3163.58,15.65
Office Supplies,Appliances,Same Day,Central,25,86,3.44,0.00,0,0,25,0,100.00,0.00,15869.18,3007.45,2792.93,-9.94
Technology,Accessories,Same Day,Africa,12,22,1.83,0.00,0,0,12,0,100.00,0.00,2190.39,526.35,411.85,-4.81
Furniture,Tables,Same Day,Oceania,4,15,3.75,0.00,0,0,4,0,100.00,0.00,4549.76,610.64,1136.82,-5.28
Furniture,Chairs,First Class,EMEA,27,67,2.48,2.26,1,3,16,0,59.26,0.00,6681.70,-370.34,1390.64,-37.41
Office Supplies,Supplies,Same Day,East,3,9,3.00,0.00,0,0,3,0,100.00,0.00,75.78,17.21,16.03,14.18
Office Supplies,Storage,Standard Class,Caribbean,70,256,3.66,5.00,4,7,0,0,0.00,0.00,10937.95,2047.03,895.88,11.47
Office Supplies,Supplies,Standard Class,Central Asia,78,315,4.04,4.90,4,7,0,0,0.00,0.00,9223.88,1613.77,706.25,13.11
Office Supplies,Binders,Second Class,West,89,306,3.44,3.19,2,5,34,0,38.20,0.00,10792.78,3754.03,1444.18,26.87
Office Supplies,Storage,Same Day,Southeast Asia,9,37,4.11,0.00,0,0,9,0,100.00,0.00,648.78,-25.38,128.24,-5.22
Furniture,Chairs,Standard Class,EMEA,152,327,2.15,4.95,4,7,0,0,0.00,0.00,40383.03,-1273.17,3612.45,-11.83
Office Supplies,Art,Same Day,South,21,69,3.29,0.10,0,1,21,0,100.00,0.00,1698.00,428.69,254.82,19.46
Furniture,Furnishings,First Class,East,47,185,3.94,2.17,1,3,29,0,61.70,0.00,4399.79,882.95,760.55,23.19
Technology,Phones,Standard Class,Central,424,1536,3.62,5.02,4,7,0,0,0.00,0.00,210269.88,30470.79,17570.71,8.95
Furniture,Bookcases,Second Class,Central,99,351,3.55,3.34,2,5,29,0,29.29,0.00,59577.69,5210.84,7231.10,1.75
Office Supplies,Supplies,First Class,Canada,2,2,1.00,2.00,2,2,2,0,100.00,0.00,73.17,20.91,13.95,28.47
Furniture,Chairs,Second Class,EMEA,57,154,2.70,3.51,2,5,17,0,29.82,0.00,20680.14,675.39,2602.74,-16.33
Office Supplies,Labels,Same Day,Central,26,89,3.42,0.04,0,1,26,0,100.00,0.00,741.83,147.34,130.68,16.59
Technology,Machines,First Class,East,8,31,3.88,1.88,1,3,6,0,75.00,0.00,5186.56,-3514.45,716.46,-71.08
Office Supplies,Storage,First Class,Canada,2,5,2.50,3.00,3,3,0,0,0.00,0.00,763.26,152.22,229.71,25.49
Office Supplies,Art,Second Class,Caribbean,22,71,3.23,3.59,2,5,4,0,18.18,0.00,1211.66,130.20,135.85,10.27
Office Supplies,Storage,Same Day,East,15,48,3.20,0.00,0,0,15,0,100.00,0.00,2300.44,260.52,489.32,10.93
Technology,Phones,First Class,Central,112,445,3.97,2.31,1,3,55,0,49.11,0.00,56416.40,5047.73,10082.36,8.43
Office Supplies,Art,Same Day,Africa,32,70,2.19,0.03,0,1,32,0,100.00,0.00,1788.89,110.61,395.90,-16.68
Office Supplies,Fasteners,Same Day,Africa,21,44,2.10,0.00,0,0,21,0,100.00,0.00,599.16,134.63,187.92,-4.76
Office Supplies,Supplies,Standard Class,Africa,135,322,2.39,5.10,4,7,0,0,0.00,0.00,8069.94,572.56,620.96,-22.23
Office Supplies,Paper,Standard Class,Africa,100,267,2.67,4.95,4,7,0,0,0.00,0.00,6735.67,1248.79,517.01,-18.10
Technology,Accessories,Standard Class,Canada,8,19,2.38,5.13,4,6,0,0,0.00,0.00,1524.06,270.84,107.20,20.99
Office Supplies,Envelopes,First Class,Oceania,24,100,4.17,1.92,1,3,20,0,83.33,0.00,2129.74,242.92,300.12,2.24
Technology,Accessories,Standard Class,Central,411,1590,3.87,4.98,4,7,0,0,0.00,0.00,109273.75,18714.91,9181.96,13.22
Office Supplies,Labels,Same Day,West,5,16,3.20,0.20,0,1,5,0,100.00,0.00,135.60,64.48,17.42,47.20
Technology,Copiers,First Class,East,5,16,3.20,2.00,2,2,5,0,100.00,0.00,15839.90,4596.99,980.74,20.25
Office Supplies,Paper,Same Day,Oceania,14,41,2.93,0.00,0,0,14,0,100.00,0.00,808.33,86.59,128.20,8.43
Furniture,Bookcases,Standard Class,Central Asia,92,366,3.98,5.04,4,7,0,0,0.00,0.00,81098.06,14442.75,6257.70,16.25
Technology,Accessories,Same Day,North Asia,3,7,2.33,0.00,0,0,3,0,100.00,0.00,1382.64,528.81,220.78,31.66
Technology,Phones,Same Day,East,14,40,2.86,0.00,0,0,14,0,100.00,0.00,5544.96,533.44,1034.17,10.45
Office Supplies,Appliances,Second Class,West,21,77,3.67,3.00,2,5,9,0,42.86,0.00,4407.58,1198.22,547.75,26.84
Office Supplies,Fasteners,First Class,West,13,42,3.23,2.23,1,3,7,0,53.85,0.00,150.62,56.59,22.57,32.95
Technology,Machines,First Class,North Asia,19,61,3.21,2.05,1,3,14,0,73.68,0.00,8201.63,1591.54,1803.92,18.78
Office Supplies,Paper,Second Class,North,43,155,3.60,2.93,2,5,21,0,48.84,0.00,3037.69,698.83,330.19,15.75
Office Supplies,Storage,Standard Class,EMEA,388,870,2.24,4.90,4,7,0,0,0.00,0.00,57453.95,1994.24,4895.77,-18.56
Technology,Machines,Second Class,Central Asia,10,29,2.90,3.60,2,5,2,0,20.00,0.00,5469.20,865.09,460.57,15.88
Office Supplies,Storage,First Class,North,58,220,3.79,2.14,1,3,38,0,65.52,0.00,14734.44,2148.57,2212.03,10.01
Technology,Phones,Second Class,West,54,207,3.83,3.20,2,5,24,0,44.44,0.00,16237.73,1565.14,2385.47,9.75
Office Supplies,Supplies,First Class,Oceania,33,127,3.85,2.21,1,3,21,0,63.64,0.00,3685.74,435.75,641.85,11.11
Office Supplies,Supplies,Standard Class,South,186,676,3.63,4.90,4,7,0,0,0.00,0.00,14470.62,2313.71,1164.99,8.40
Furniture,Chairs,Standard Class,Caribbean,93,322,3.46,5.09,4,7,0,0,0.00,0.00,24945.13,3084.47,2276.13,12.16
Office Supplies,Appliances,Standard Class,EMEA,103,225,2.18,4.81,4,7,0,0,0.00,0.00,43585.81,-7.34,3382.21,-10.08
Furniture,Bookcases,Standard Class,Caribbean,57,207,3.63,5.04,4,7,0,0,0.00,0.00,26547.06,2570.92,2265.38,-1.03
Technology,Machines,Second Class,Oceania,18,73,4.06,3.78,2,5,5,0,27.78,0.00,9861.05,476.30,1036.29,7.10
Office Supplies,Storage,Second Class,Southeast Asia,40,163,4.08,3.08,2,5,18,0,45.00,0.00,10937.18,931.12,1544.58,7.79
Technology,Machines,First Class,North,17,63,3.71,2.29,1,3,10,0,58.82,0.00,7914.80,1057.41,1651.39,17.88
Office Supplies,Storage,Second Class,Africa,117,282,2.41,3.21,2,5,50,0,42.74,0.00,21642.03,3460.84,2680.24,-10.72
Technology,Copiers,Standard Class,Oceania,133,521,3.92,4.95,4,7,0,0,0.00,0.00,104121.65,12872.27,9191.98,7.80
Office Supplies,Paper,Second Class,West,94,338,3.60,3.09,2,5,43,0,45.74,0.00,5398.25,2539.47,661.24,46.36
Technology,Phones,First Class,EMEA,45,100,2.22,2.16,1,3,28,0,62.22,0.00,12611.86,-1953.71,2822.73,-28.54
Technology,Machines,First Class,Caribbean,5,27,5.40,2.40,2,3,3,0,60.00,0.00,1538.10,-840.06,274.97,-120.16
Office Supplies,Storage,Second Class,Oceania,48,193,4.02,3.29,2,5,20,0,41.67,0.00,12816.80,704.51,1754.24,10.50
Office Supplies,Binders,Second Class,North,107,410,3.83,3.37,2,5,41,0,38.32,0.00,7986.17,1263.97,825.07,12.67
Office Supplies,Storage,First Class,North Asia,28,97,3.46,1.89,1,3,22,0,78.57,0.00,8591.02,1782.56,1787.86,14.51
Furniture,Furnishings,Same Day,North,17,67,3.94,0.00,0,0,17,0,100.00,0.00,1397.46,-554.99,272.94,-31.78
Office Supplies,Fasteners,Same Day,North,13,35,2.69,0.00,0,0,13,0,100.00,0.00,304.04,41.25,60.45,17.74
Technology,Phones,Standard Class,Central Asia,99,392,3.96,4.80,4,7,0,0,0.00,0.00,93039.02,19827.46,8032.39,16.02
Furniture,Chairs,Second Class,Canada,4,6,1.50,4.50,4,5,0,0,0.00,0.00,1110.51,245.58,91.39,16.99
Office Supplies,Supplies,Same Day,Central Asia,2,8,4.00,0.00,0,0,2,0,100.00,0.00,399.15,138.12,48.26,33.48
Furniture,Chairs,Same Day,Central,34,136,4.00,0.00,0,0,34,0,100.00,0.00,19830.04,-283.12,3447.85,10.87
Office Supplies,Fasteners,Second Class,Southeast Asia,34,128,3.76,3.47,2,5,10,0,29.41,0.00,1125.10,-249.48,158.68,-27.27
Office Supplies,Binders,Second Class,Africa,137,289,2.11,3.29,2,5,50,0,36.50,0.00,4543.97,827.19,579.51,-11.09
Office Supplies,Paper,First Class,Central Asia,18,77,4.28,1.94,1,3,15,0,83.33,0.00,1540.12,221.18,287.37,13.99
Office Supplies,Binders,Same Day,Caribbean,6,26,4.33,0.00,0,0,6,0,100.00,0.00,324.62,16.72,100.23,15.86
Office Supplies,Paper,First Class,East,70,242,3.46,2.21,1,3,45,0,64.29,0.00,3059.35,1381.88,547.44,44.30
Technology,Phones,Same Day,North,11,43,3.91,0.09,0,1,11,0,100.00,0.00,10657.49,2970.34,982.37,18.21
Technology,Accessories,First Class,South,57,226,3.96,2.09,1,3,40,0,70.18,0.00,14953.59,4134.60,2718.47,18.79
Office Supplies,Storage,Second Class,Central Asia,39,157,4.03,3.10,2,5,16,0,41.03,0.00,12566.33,2795.36,1851.96,11.43
Furniture,Tables,Second Class,EMEA,11,26,2.36,3.27,2,5,3,0,27.27,0.00,7135.61,-5144.47,887.19,-57.98
Office Supplies,Paper,Standard Class,Central,426,1598,3.75,5.04,4,7,0,0,0.00,0.00,28514.08,7282.30,2479.89,23.82
Office Supplies,Appliances,Same Day,Oceania,7,29,4.14,0.00,0,0,7,0,100.00,0.00,6937.72,298.84,1021.92,-0.01
Office Supplies,Appliances,Second Class,Central Asia,10,45,4.50,3.70,2,5,3,0,30.00,0.00,12307.62,2288.37,799.74,13.08
Office Supplies,Envelopes,Same Day,Oceania,17,56,3.29,0.06,0,1,17,0,100.00,0.00,1580.01,107.67,304.38,9.17
Furniture,Furnishings,Standard Class,South,277,1132,4.09,4.96,4,7,0,0,0.00,0.00,39822.36,7742.90,3243.96,15.85
Furniture,Chairs,Second Class,Oceania,81,279,3.44,3.33,2,5,25,0,30.86,0.00,46770.12,3164.65,6471.51,1.10
Office Supplies,Art,First Class,Caribbean,8,43,5.38,2.25,1,3,5,0,62.50,0.00,897.41,211.77,199.21,17.44
Office Supplies,Labels,Second Class,Oceania,51,197,3.86,3.16,2,5,17,0,33.33,0.00,1626.17,294.09,213.75,14.83
Office Supplies,Labels,First Class,Canada,3,4,1.33,2.67,2,3,1,0,33.33,0.00,27.78,11.34,5.51,39.71
Office Supplies,Paper,First Class,West,71,269,3.79,2.00,1,3,49,0,69.01,0.00,4600.49,2108.50,803.00,44.93
Office Supplies,Storage,Same Day,North Asia,15,43,2.87,0.00,0,0,15,0,100.00,0.00,3567.15,862.83,640.32,17.23
Office Supplies,Binders,Standard Class,East,279,1045,3.75,4.98,4,7,0,0,0.00,0.00,32406.06,8555.82,2632.75,-3.28
Office Supplies,Supplies,Second Class,North,52,208,4.00,3.37,2,5,19,0,36.54,0.00,5233.20,630.28,599.69,16.70
Office Supplies,Binders,First Class,Caribbean,21,88,4.19,2.24,1,3,13,0,61.90,0.00,1116.54,138.88,191.63,11.30
Furniture,Bookcases,Second Class,North Asia,20,79,3.95,3.20,2,5,7,0,35.00,0.00,16198.37,2916.49,1950.43,17.94
Office Supplies,Envelopes,Standard Class,Oceania,108,397,3.68,4.99,4,7,0,0,0.00,0.00,8693.78,598.27,758.59,5.52
Office Supplies,Storage,Standard Class,Africa,347,739,2.13,4.96,4,7,0,0,0.00,0.00,53645.43,5782.68,4393.07,-13.28
Office Supplies,Appliances,Second Class,Central,91,345,3.79,3.29,2,5,33,0,36.26,0.00,55269.14,3352.86,6729.99,-27.33
Technology,Phones,First Class,North Asia,17,67,3.94,2.18,1,3,12,0,70.59,0.00,8574.33,1925.94,1437.77,19.28
Office Supplies,Art,Standard Class,North,283,1069,3.78,5.12,4,7,0,0,0.00,0.00,26111.68,4322.03,2172.20,12.55
Office Supplies,Paper,Same Day,South,40,185,4.63,0.03,0,1,40,0,100.00,0.00,4092.88,1113.68,797.59,15.93
Office Supplies,Binders,Second Class,East,70,280,4.00,3.31,2,5,22,0,31.43,0.00,3857.39,281.58,491.19,0.37
Office Supplies,Binders,First Class,North,88,334,3.80,2.09,1,3,61,0,69.32,0.00,5394.21,1085.77,952.90,21.45
Office Supplies,Binders,Same Day,Southeast Asia,13,52,4.00,0.08,0,1,13,0,100.00,0.00,635.17,158.32,106.41,20.86
Furniture,Bookcases,Same Day,Southeast Asia,9,35,3.89,0.00,0,0,9,0,100.00,0.00,5482.00,1015.81,826.99,11.74
Technology,Accessories,Same Day,West,15,63,4.20,0.13,0,1,15,0,100.00,0.00,5490.46,1953.47,1291.21,29.70
Office Supplies,Appliances,First Class,East,25,85,3.40,2.20,1,3,14,0,56.00,0.00,5928.12,1357.96,1085.27,24.82
Office Supplies,Fasteners,First Class,Central Asia,17,62,3.65,2.18,1,3,12,0,70.59,0.00,792.64,110.42,152.21,7.42
Technology,Phones,Same Day,Central Asia,6,39,6.50,0.00,0,0,6,0,100.00,0.00,6040.39,-2744.50,948.57,-12.68
Technology,Machines,Standard Class,Central Asia,40,140,3.50,4.90,4,7,0,0,0.00,0.00,23926.08,4180.20,1824.88,12.56
Office Supplies,Art,Same Day,Central Asia,1,3,3.00,0.00,0,0,1,0,100.00,0.00,163.62,78.48,8.13,47.96
Office Supplies,Supplies,First Class,Southeast Asia,36,156,4.33,2.19,1,3,22,0,61.11,0.00,2642.66,-1135.31,409.68,-45.23
Office Supplies,Storage,First Class,South,93,359,3.86,2.18,1,3,59,0,63.44,0.00,24923.63,538.41,4669.96,-2.68
Office Supplies,Art,Second Class,Oceania,50,173,3.46,3.10,2,5,21,0,42.00,0.00,4615.85,768.01,576.95,12.91
Office Supplies,Art,Standard Class,West,156,597,3.83,5.09,4,7,0,0,0.00,0.00,6249.19,1551.05,572.48,28.59
Technology,Copiers,First Class,Central Asia,15,44,2.93,2.00,1,3,10,0,66.67,0.00,10328.63,2673.79,2932.69,17.26
Office Supplies,Labels,Standard Class,North Asia,89,323,3.63,5.17,4,7,0,0,0.00,0.00,3045.23,792.52,220.74,24.07
Office Supplies,Binders,First Class,South,107,396,3.70,2.23,1,3,63,0,58.88,0.00,5585.49,580.69,1078.73,-4.74
Office Supplies,Labels,Second Class,Africa,47,106,2.26,3.26,2,5,21,0,44.68,0.00,1033.85,215.35,107.48,9.62
Furniture,Tables,Standard Class,Central,108,399,3.69,5.04,4,7,0,0,0.00,0.00,82551.19,-11111.53,6054.56,-30.66
Office Supplies,Fasteners,First Class,Oceania,36,144,4.00,2.03,1,3,25,0,69.44,0.00,1776.18,184.56,291.32,6.14
Office Supplies,Paper,Second Class,Central,151,584,3.87,3.30,2,5,58,0,38.41,0.00,10968.49,3007.11,1325.39,26.71
Office Supplies,Labels,Standard Class,East,61,226,3.70,5.18,4,7,0,0,0.00,0.00,1431.95,637.42,116.72,43.37
Office Supplies,Supplies,First Class,Africa,31,82,2.65,2.29,1,3,16,0,51.61,0.00,1839.32,95.60,279.80,-10.20
Office Supplies,Fasteners,First Class,Southeast Asia,25,107,4.28,2.12,1,3,17,0,68.00,0.00,976.49,-175.68,174.71,-35.77
Office Supplies,Envelopes,Second Class,Oceania,43,155,3.60,3.00,2,5,16,0,37.21,0.00,3254.90,312.66,491.16,4.99
Furniture,Bookcases,First Class,EMEA,28,64,2.29,1.93,1,3,20,0,71.43,0.00,10576.94,1390.85,1741.87,-13.81
Office Supplies,Supplies,Same Day,Oceania,12,53,4.42,0.00,0,0,12,0,100.00,0.00,1414.03,-67.88,327.83,1.65
Office Supplies,Fasteners,Second Class,South,52,182,3.50,3.25,2,5,20,0,38.46,0.00,1493.98,138.30,185.01,5.83
Office Supplies,Labels,Standard Class,EMEA,125,320,2.56,5.06,4,7,0,0,0.00,0.00,2525.28,236.67,210.99,-18.02
Office Supplies,Binders,Same Day,West,29,99,3.41,0.21,0,1,29,0,100.00,0.00,3722.46,1030.36,574.73,8.59
Office Supplies,Appliances,Same Day,East,7,29,4.14,0.00,0,0,7,0,100.00,0.00,3802.67,788.65,849.90,18.39
Technology,Phones,Standard Class,Canada,10,19,1.90,5.30,4,7,0,0,0.00,0.00,3282.84,897.96,207.25,24.59
Technology,Accessories,Same Day,EMEA,25,63,2.52,0.12,0,1,25,0,100.00,0.00,3463.25,-498.46,653.07,-37.91
Furniture,Furnishings,First Class,Africa,30,70,2.33,2.30,1,3,17,0,56.67,0.00,2225.40,310.35,349.63,1.29
Office Supplies,Fasteners,First Class,EMEA,34,107,3.15,2.09,1,3,24,0,70.59,0.00,1029.08,14.15,183.78,-27.23
Technology,Machines,Standard Class,East,22,111,5.05,5.27,4,7,0,0,0.00,0.00,50197.13,7242.63,3609.75,3.23
Technology,Copiers,Same Day,Africa,6,17,2.83,0.17,0,1,6,0,100.00,0.00,4957.22,833.00,1146.86,-53.53
Furniture,Bookcases,Second Class,Africa,39,86,2.21,3.21,2,5,19,0,48.72,0.00,18411.10,565.08,2226.12,-25.56
Office Supplies,Binders,Second Class,South,144,591,4.10,3.09,2,5,60,0,41.67,0.00,10605.81,412.98,1188.80,6.10
Office Supplies,Storage,First Class,West,39,163,4.18,2.21,1,3,23,0,58.97,0.00,8844.39,1449.83,1556.46,15.56
Office Supplies,Binders,Same Day,East,16,58,3.63,0.00,0,0,16,0,100.00,0.00,949.61,206.77,375.12,-24.10
Office Supplies,Supplies,Standard Class,Southeast Asia,125,451,3.61,5.07,4,7,0,0,0.00,0.00,9564.80,-2281.33,722.62,-30.16
Office Supplies,Fasteners,Same Day,West,4,18,4.50,0.00,0,0,4,0,100.00,0.00,46.72,19.77,13.23,36.24
Technology,Accessories,Same Day,Canada,1,1,1.00,0.00,0,0,1,0,100.00,0.00,28.38,5.37,5.12,18.92
Technology,Copiers,First Class,Caribbean,13,42,3.23,2.00,1,3,9,0,69.23,0.00,4708.86,276.34,668.03,9.48
Furniture,Tables,Second Class,Central Asia,6,21,3.50,2.67,2,5,4,0,66.67,0.00,9306.54,-380.13,1230.02,-16.67
Furniture,Furnishings,Second Class,EMEA,50,129,2.58,3.08,2,5,24,0,48.00,0.00,6171.24,317.73,729.46,-9.99
Furniture,Chairs,Same Day,Africa,11,32,2.91,0.09,0,1,11,0,100.00,0.00,3395.90,332.14,545.45,-44.47
Office Supplies,Supplies,Second Class,East,12,43,3.58,3.08,2,5,5,0,41.67,0.00,6257.86,-1056.01,611.09,4.48
Office Supplies,Fasteners,First Class,Africa,31,63,2.03,2.23,1,3,18,0,58.06,0.00,831.99,128.33,114.96,-6.11
Office Supplies,Binders,First Class,East,75,269,3.59,2.19,1,3,46,0,61.33,0.00,16285.00,2223.75,2419.66,-15.12
Office Supplies,Fasteners,Same Day,EMEA,9,16,1.78,0.00,0,0,9,0,100.00,0.00,145.84,-1.82,24.82,-46.12
Office Supplies,Storage,Same Day,Africa,35,82,2.34,0.03,0,1,35,0,100.00,0.00,6237.65,791.30,1275.60,-6.76
Technology,Accessories,Second Class,North,45,192,4.27,3.02,2,5,21,0,46.67,0.00,14766.67,3362.86,1685.87,24.54
Technology,Phones,Standard Class,North,179,663,3.70,4.98,4,7,0,0,0.00,0.00,112862.22,22017.37,9934.35,14.72
Furniture,Furnishings,First Class,EMEA,20,36,1.80,1.95,1,3,15,0,75.00,0.00,1141.33,-28.19,193.39,-30.23
Technology,Phones,Standard Class,Oceania,125,461,3.69,4.84,4,7,0,0,0.00,0.00,68349.63,10568.11,5614.38,10.29
Office Supplies,Art,Second Class,Southeast Asia,37,134,3.62,3.59,2,5,8,0,21.62,0.00,3041.14,-440.46,375.88,-10.51
Furniture,Tables,Standard Class,West,65,261,4.02,5.17,4,7,0,0,0.00,0.00,47746.28,-738.26,3963.20,-8.10
Furniture,Tables,Same Day,West,8,40,5.00,0.00,0,0,8,0,100.00,0.00,4017.19,188.92,533.33,2.16
Technology,Accessories,Same Day,Caribbean,4,11,2.75,0.00,0,0,4,0,100.00,0.00,847.18,156.96,156.46,12.98
Office Supplies,Binders,Standard Class,Oceania,179,676,3.78,4.92,4,7,0,0,0.00,0.00,12236.54,1651.22,1000.04,12.99
Technology,Machines,Standard Class,Oceania,62,226,3.65,4.90,4,7,0,0,0.00,0.00,34348.04,3910.62,2754.47,9.63
Office Supplies,Binders,Same Day,Oceania,19,66,3.47,0.05,0,1,19,0,100.00,0.00,829.25,73.90,124.53,7.48
Office Supplies,Envelopes,Second Class,EMEA,42,81,1.93,3.57,2,5,7,0,16.67,0.00,1497.94,-7.16,193.93,-6.59
Furniture,Chairs,First Class,South,60,222,3.70,2.10,1,3,39,0,65.00,0.00,18973.39,1967.41,3214.09,-13.22
Office Supplies,Envelopes,Second Class,North,52,196,3.77,3.21,2,5,24,0,46.15,0.00,3821.66,1073.31,518.54,27.91
Office Supplies,Envelopes,Standard Class,Africa,123,245,1.99,4.93,4,7,0,0,0.00,0.00,5694.45,1156.16,451.45,-1.82
Furniture,Chairs,First Class,North,42,152,3.62,2.36,1,3,22,0,52.38,0.00,13466.18,1189.70,2446.43,-1.87
Office Supplies,Labels,Standard Class,North,153,574,3.75,5.13,4,7,0,0,0.00,0.00,4237.07,863.70,350.57,20.34
Technology,Phones,First Class,Southeast Asia,22,73,3.32,2.00,1,3,18,0,81.82,0.00,19433.33,1629.37,2491.35,8.96
Office Supplies,Art,First Class,Canada,8,17,2.13,2.50,2,3,4,0,50.00,0.00,582.30,90.33,95.49,20.09
Office Supplies,Fasteners,Same Day,East,2,6,3.00,0.00,0,0,2,0,100.00,0.00,19.09,3.85,3.97,29.99
Office Supplies,Envelopes,Same Day,North,13,39,3.00,0.00,0,0,13,0,100.00,0.00,1164.16,229.34,257.85,16.74
Office Supplies,Envelopes,Second Class,West,13,49,3.77,3.15,2,5,5,0,38.46,0.00,796.07,369.41,82.18,46.21
Office Supplies,Binders,Standard Class,Central,879,3482,3.96,5.01,4,7,0,0,0.00,0.00,84767.65,6390.78,6391.63,-12.21
Office Supplies,Appliances,Same Day,West,8,27,3.38,0.13,0,1,8,0,100.00,0.00,1143.46,341.28,203.51,30.87
Technology,Machines,Same Day,Africa,8,12,1.50,0.00,0,0,8,0,100.00,0.00,2364.60,659.76,550.33,27.08
Office Supplies,Storage,Second Class,South,138,543,3.93,3.20,2,5,55,0,39.86,0.00,31088.46,-1458.69,4483.04,-7.51
Technology,Phones,Standard Class,EMEA,177,439,2.48,4.93,4,7,0,0,0.00,0.00,60958.35,1781.58,5177.71,-21.72
Office Supplies,Fasteners,Same Day,Southeast Asia,5,27,5.40,0.00,0,0,5,0,100.00,0.00,184.06,-26.88,28.21,-23.87
Office Supplies,Envelopes,Standard Class,West,38,124,3.26,5.05,4,7,0,0,0.00,0.00,2900.26,1363.15,244.85,46.12
Office Supplies,Art,First Class,Southeast Asia,32,101,3.16,2.47,1,3,15,0,46.88,0.00,2315.59,-172.88,335.37,-10.50
Office Supplies,Storage,First Class,Oceania,30,98,3.27,1.97,1,3,22,0,73.33,0.00,6669.09,329.49,964.53,3.61
Office Supplies,Labels,Second Class,Southeast Asia,37,151,4.08,3.22,2,5,14,0,37.84,0.00,878.76,-133.49,107.99,-15.22
Technology,Machines,Same Day,South,6,20,3.33,0.00,0,0,6,0,100.00,0.00,9709.82,-3810.65,996.48,-4.01
Office Supplies,Labels,Standard Class,South,188,730,3.88,4.93,4,7,0,0,0.00,0.00,5111.55,1171.87,446.49,16.89
Furniture,Tables,Same Day,North Asia,1,5,5.00,0.00,0,0,1,0,100.00,0.00,1773.72,44.22,215.00,2.49
Technology,Phones,Second Class,EMEA,57,154,2.70,2.91,2,5,31,0,54.39,0.00,31389.79,6982.50,4407.58,-1.47
Furniture,Furnishings,First Class,Caribbean,10,48,4.80,2.50,2,3,5,0,50.00,0.00,1731.38,-54.52,310.44,-3.34
Furniture,Furnishings,Standard Class,EMEA,171,418,2.44,5.08,4,7,0,0,0.00,0.00,19442.46,1040.37,1693.41,-11.21
Furniture,Furnishings,Standard Class,West,187,745,3.98,5.03,4,7,0,0,0.00,0.00,20195.35,5070.61,1563.32,29.90
Technology,Phones,Second Class,Africa,68,148,2.18,3.18,2,5,29,0,42.65,0.00,26726.02,4876.82,3009.92,-15.46
Office Supplies,Art,Second Class,South,146,513,3.51,3.36,2,5,49,0,33.56,0.00,11452.06,1959.28,1309.52,12.31
Office Supplies,Storage,Standard Class,Canada,29,59,2.03,4.72,4,7,0,0,0.00,0.00,6463.98,2181.09,545.91,27.58
Office Supplies,Paper,Standard Class,North,145,572,3.94,5.01,4,7,0,0,0.00,0.00,10867.26,2518.03,816.82,20.12
Technology,Machines,Second Class,West,4,12,3.00,2.25,2,3,3,0,75.00,0.00,4934.15,591.61,520.10,0.21
Technology,Accessories,First Class,Central Asia,13,47,3.62,2.23,1,3,8,0,61.54,0.00,2087.22,384.00,420.49,10.20
Technology,Phones,Second Class,Central Asia,27,119,4.41,3.11,2,5,11,0,40.74,0.00,21777.46,3209.30,2949.40,14.88
Technology,Machines,First Class,West,8,24,3.00,2.00,1,3,6,0,75.00,0.00,10747.57,-319.46,636.21,-33.75
Office Supplies,Art,First Class,Africa,104,239,2.30,2.18,1,3,68,0,65.38,0.00,6145.19,416.33,1095.82,-19.02
Office Supplies,Art,Same Day,Southeast Asia,14,52,3.71,0.00,0,0,14,0,100.00,0.00,1533.77,-36.40,245.96,-0.57
Technology,Machines,Standard Class,EMEA,147,308,2.10,4.99,4,7,0,0,0.00,0.00,38032.16,2880.46,2870.81,-12.71
Office Supplies,Envelopes,Standard Class,South,195,752,3.86,5.01,4,7,0,0,0.00,0.00,12665.78,2188.69,1101.26,10.01
Furniture,Bookcases,First Class,Southeast Asia,27,86,3.19,2.15,1,3,17,0,62.96,0.00,14336.94,123.18,2656.45,-6.01
Furniture,Furnishings,Same Day,North Asia,6,23,3.83,0.00,0,0,6,0,100.00,0.00,1366.56,545.28,111.34,33.46
Technology,Phones,Second Class,Central,152,573,3.77,3.47,2,5,48,0,31.58,0.00,83351.13,9945.36,9497.40,7.48
Furniture,Bookcases,First Class,Central,94,325,3.46,2.17,1,3,60,0,63.83,0.00,54653.27,6311.71,10067.45,10.47
Technology,Accessories,Second Class,EMEA,43,104,2.42,3.30,2,5,12,0,27.91,0.00,6935.97,-247.74,922.15,-21.59
Office Supplies,Art,Same Day,East,9,35,3.89,0.00,0,0,9,0,100.00,0.00,466.24,103.41,67.98,19.81
Office Supplies,Labels,Same Day,EMEA,18,41,2.28,0.00,0,0,18,0,100.00,0.00,319.44,14.01,51.54,0.13
Technology,Copiers,Second Class,Canada,6,18,3.00,2.83,2,4,3,0,50.00,0.00,5367.48,2221.50,687.61,33.66
Office Supplies,Art,Standard Class,East,133,493,3.71,5.07,4,7,0,0,0.00,0.00,4241.82,1110.17,368.33,27.43
Office Supplies,Paper,First Class,North,35,125,3.57,2.34,1,3,17,0,48.57,0.00,2795.79,597.56,436.04,18.52
Office Supplies,Art,Second Class,Canada,15,25,1.67,3.53,2,5,5,0,33.33,0.00,777.90,227.52,83.40,26.74
Technology,Accessories,Standard Class,Africa,131,268,2.05,4.95,4,7,0,0,0.00,0.00,21699.10,2378.28,1932.74,-5.93
Furniture,Bookcases,Standard Class,Oceania,113,434,3.84,4.92,4,7,0,0,0.00,0.00,88857.44,11943.69,6925.90,9.19
Office Supplies,Storage,Standard Class,East,141,541,3.84,4.99,4,7,0,0,0.00,0.00,42664.59,4839.46,3498.49,8.13
Furniture,Tables,First Class,East,10,38,3.80,1.80,1,3,7,0,70.00,0.00,3746.60,-881.36,564.90,-23.45
Furniture,Bookcases,Standard Class,North Asia,98,410,4.18,4.90,4,7,0,0,0.00,0.00,94674.08,18506.64,7642.73,17.45
Furniture,Furnishings,Standard Class,Caribbean,63,254,4.03,5.14,4,7,0,0,0.00,0.00,5952.92,-1072.16,545.77,-32.24
Office Supplies,Appliances,Standard Class,Southeast Asia,61,209,3.43,4.95,4,7,0,0,0.00,0.00,60144.15,7065.81,4721.18,13.44
Office Supplies,Fasteners,Standard Class,Canada,12,29,2.42,5.33,4,7,0,0,0.00,0.00,397.38,111.48,36.29,20.84
Technology,Copiers,First Class,Africa,32,59,1.84,2.22,1,3,21,0,65.63,0.00,10759.99,588.61,1982.38,-38.34
Office Supplies,Binders,Same Day,South,44,176,4.00,0.09,0,1,44,0,100.00,0.00,2407.64,226.64,379.22,-16.54
Office Supplies,Storage,Same Day,South,33,135,4.09,0.03,0,1,33,0,100.00,0.00,5527.30,617.62,962.08,0.70
Office Supplies,Labels,Standard Class,Central,335,1237,3.69,5.07,4,7,0,0,0.00,0.00,9523.02,2343.84,795.16,18.96
Office Supplies,Envelopes,Second Class,Southeast Asia,32,103,3.22,3.78,2,5,8,0,25.00,0.00,2165.08,-136.79,198.68,-13.78
Office Supplies,Supplies,First Class,EMEA,41,94,2.29,2.17,1,3,24,0,58.54,0.00,2389.89,158.58,443.05,-16.65
Technology,Accessories,First Class,Oceania,29,100,3.45,2.31,1,3,17,0,58.62,0.00,7925.00,697.10,1358.38,2.91
Office Supplies,Paper,Same Day,North Asia,6,24,4.00,0.00,0,0,6,0,100.00,0.00,445.14,147.42,73.80,30.57
Technology,Copiers,Second Class,Caribbean,26,100,3.85,3.50,2,5,9,0,34.62,0.00,12384.29,2096.01,1549.04,15.29
Office Supplies,Labels,Standard Class,Southeast Asia,127,530,4.17,5.01,4,7,0,0,0.00,0.00,3225.52,-579.53,259.93,-24.17
Office Supplies,Paper,Standard Class,Southeast Asia,105,404,3.85,5.04,4,7,0,0,0.00,0.00,7247.15,-1147.23,546.75,-26.28
Furniture,Tables,Second Class,North Asia,10,37,3.70,2.80,2,5,6,0,60.00,0.00,13300.86,-368.37,1637.11,-1.15
Furniture,Furnishings,First Class,West,47,175,3.72,2.19,1,3,26,0,55.32,0.00,3820.93,872.73,691.10,28.90
Office Supplies,Supplies,Second Class,Central Asia,29,123,4.24,3.00,2,5,17,0,58.62,0.00,3436.58,550.12,419.11,8.70
Technology,Machines,Standard Class,Africa,117,263,2.25,4.93,4,7,0,0,0.00,0.00,42233.81,4519.37,3695.34,-20.79
Office Supplies,Appliances,First Class,EMEA,15,25,1.67,2.27,1,3,8,0,53.33,0.00,3395.19,-617.67,586.59,-47.88
Technology,Copiers,First Class,West,6,27,4.50,1.50,1,2,6,0,100.00,0.00,23209.75,10093.41,1712.88,33.96
Office Supplies,Art,Standard Class,Central,741,2764,3.73,5.07,4,7,0,0,0.00,0.00,67441.15,13916.76,5499.62,17.34
Office Supplies,Art,Second Class,North Asia,34,121,3.56,3.24,2,5,14,0,41.18,0.00,3634.36,820.25,442.88,18.03
Office Supplies,Fasteners,First Class,Central,60,232,3.87,2.20,1,3,33,0,55.00,0.00,2709.82,434.81,479.32,13.33
Office Supplies,Binders,Second Class,Caribbean,32,159,4.97,3.31,2,5,12,0,37.50,0.00,1859.81,338.29,239.78,16.59
Office Supplies,Fasteners,Standard Class,Oceania,122,398,3.26,5.07,4,7,0,0,0.00,0.00,4745.39,346.07,374.75,3.44
Technology,Machines,Second Class,Central,59,229,3.88,3.20,2,5,20,0,33.90,0.00,34117.49,1892.89,4212.11,5.31
Office Supplies,Appliances,Same Day,South,8,23,2.88,0.00,0,0,8,0,100.00,0.00,4554.24,1377.47,582.28,19.34
Technology,Phones,Standard Class,Southeast Asia,131,473,3.61,4.87,4,7,0,0,0.00,0.00,77340.22,9003.10,6955.91,10.54
Office Supplies,Paper,Same Day,EMEA,16,42,2.63,0.00,0,0,16,0,100.00,0.00,942.45,88.32,212.23,-3.33
Office Supplies,Labels,Same Day,North Asia,14,51,3.64,0.00,0,0,14,0,100.00,0.00,475.50,124.98,73.34,20.65
Office Supplies,Binders,Same Day,Central Asia,12,52,4.33,0.17,0,1,12,0,100.00,0.00,936.60,179.13,143.59,20.81
Office Supplies,Art,Second Class,Central,204,786,3.85,3.32,2,5,75,0,36.76,0.00,19274.24,3521.59,2421.44,15.84
Technology,Copiers,Standard Class,Caribbean,67,212,3.16,5.12,4,7,0,0,0.00,0.00,30841.12,4075.68,2382.84,14.49
Office Supplies,Envelopes,Standard Class,North Asia,73,293,4.01,4.73,4,7,0,0,0.00,0.00,7465.35,2075.64,598.05,24.36
Technology,Machines,Same Day,Southeast Asia,5,17,3.40,0.00,0,0,5,0,100.00,0.00,1245.25,-15.92,198.82,4.32
Office Supplies,Supplies,Same Day,Africa,21,40,1.90,0.00,0,0,21,0,100.00,0.00,807.18,-23.34,152.87,-11.38
Technology,Copiers,Standard Class,Central,276,980,3.55,5.07,4,7,0,0,0.00,0.00,207870.14,30461.21,15341.94,6.15
Office Supplies,Storage,Second Class,North,104,378,3.63,3.07,2,5,46,0,44.23,0.00,22810.02,3927.41,2458.50,15.93
Office Supplies,Art,Same Day,North Asia,1,3,3.00,0.00,0,0,1,0,100.00,0.00,155.34,48.15,37.47,31.00
Office Supplies,Art,First Class,East,41,149,3.63,2.32,1,3,21,0,51.22,0.00,1183.66,250.91,226.45,23.65
Office Supplies,Labels,First Class,Southeast Asia,36,141,3.92,2.33,1,3,18,0,50.00,0.00,886.80,-121.84,145.30,-23.33
Technology,Accessories,First Class,EMEA,36,94,2.61,2.25,1,3,22,0,61.11,0.00,8243.50,1142.56,833.88,-8.19
Office Supplies,Supplies,Standard Class,Caribbean,62,239,3.85,5.16,4,7,0,0,0.00,0.00,4645.34,988.04,382.94,19.57
Furniture,Furnishings,Same Day,EMEA,12,27,2.25,0.08,0,1,12,0,100.00,0.00,978.35,111.32,133.40,-4.76
Office Supplies,Supplies,Second Class,Southeast Asia,32,122,3.81,3.28,2,5,10,0,31.25,0.00,2723.78,-520.94,352.13,-19.51
Technology,Machines,First Class,Central,37,145,3.92,2.41,1,3,18,0,48.65,0.00,28039.13,2701.34,4799.43,2.07
Office Supplies,Supplies,Standard Class,North Asia,95,318,3.35,5.01,4,7,0,0,0.00,0.00,9909.50,1895.11,811.40,12.47
Office Supplies,Art,First Class,South,79,340,4.30,2.03,1,3,55,0,69.62,0.00,7488.25,1520.69,1426.67,19.77
Technology,Phones,First Class,Caribbean,12,43,3.58,2.08,1,3,9,0,75.00,0.00,5168.61,1547.05,624.44,23.34
Office Supplies,Appliances,First Class,Oceania,20,76,3.80,2.30,1,3,11,0,55.00,0.00,13990.25,1802.47,1889.58,6.39
Office Supplies,Supplies,Second Class,Central,114,425,3.73,3.23,2,5,45,0,39.47,0.00,14381.85,2047.91,1461.60,11.33
Furniture,Furnishings,Same Day,Canada,1,1,1.00,0.00,0,0,1,0,100.00,0.00,18.99,6.81,4.21,35.86
Technology,Copiers,Same Day,EMEA,18,50,2.78,0.00,0,0,18,0,100.00,0.00,9378.73,1300.78,1103.88,-32.13
Technology,Machines,Second Class,South,17,62,3.65,3.06,2,5,8,0,47.06,0.00,15624.76,1900.49,722.24,-7.08
Office Supplies,Paper,Standard Class,East,208,766,3.68,4.97,4,7,0,0,0.00,0.00,11486.77,5099.50,989.52,43.13
Furniture,Furnishings,Same Day,East,13,48,3.69,0.00,0,0,13,0,100.00,0.00,2199.89,454.86,394.30,27.60
Technology,Phones,Second Class,Canada,5,13,2.60,3.40,2,5,2,0,40.00,0.00,4902.21,1247.25,635.77,14.79
Furniture,Furnishings,Second Class,South,73,272,3.73,3.15,2,5,30,0,41.10,0.00,8673.20,1680.46,1247.48,17.50
Office Supplies,Labels,Second Class,Canada,6,9,1.50,2.50,2,4,4,0,66.67,0.00,74.37,15.42,7.26,22.49
Furniture,Bookcases,Same Day,Central Asia,4,8,2.00,0.00,0,0,4,0,100.00,0.00,1683.60,278.94,253.61,18.25
Office Supplies,Envelopes,Standard Class,East,43,140,3.26,4.88,4,7,0,0,0.00,0.00,1901.44,777.55,178.63,41.33
Office Supplies,Labels,Standard Class,Caribbean,53,200,3.77,4.83,4,7,0,0,0.00,0.00,1123.45,207.85,93.49,18.51
Furniture,Tables,First Class,Canada,1,1,1.00,2.00,2,2,1,0,100.00,0.00,533.61,170.73,133.38,32.00
Furniture,Bookcases,Same Day,EMEA,16,30,1.88,0.00,0,0,16,0,100.00,0.00,6759.58,1232.14,1190.50,5.97
Furniture,Chairs,Standard Class,Central,450,1773,3.94,5.04,4,7,0,0,0.00,0.00,210120.97,22289.66,16588.29,3.40
Office Supplies,Envelopes,First Class,South,52,218,4.19,2.08,1,3,34,0,65.38,0.00,3913.01,648.08,680.02,12.30
Technology,Copiers,Same Day,Caribbean,4,12,3.00,0.00,0,0,4,0,100.00,0.00,2066.09,730.99,459.48,29.28
Office Supplies,Labels,Second Class,North Asia,25,90,3.60,3.08,2,5,11,0,44.00,0.00,793.42,169.88,96.05,16.31
Office Supplies,Binders,Standard Class,Canada,26,56,2.15,4.96,4,7,0,0,0.00,0.00,1524.39,405.60,139.55,24.91
Office Supplies,Appliances,Same Day,EMEA,4,9,2.25,0.00,0,0,4,0,100.00,0.00,4422.27,1399.80,313.65,3.62
Technology,Phones,Same Day,Africa,17,30,1.76,0.00,0,0,17,0,100.00,0.00,6272.37,607.74,1269.22,-28.32
Office Supplies,Fasteners,Second Class,North Asia,33,124,3.76,3.06,2,5,15,0,45.45,0.00,1777.44,429.27,245.31,20.39
Office Supplies,Envelopes,First Class,North Asia,23,123,5.35,2.17,1,3,13,0,56.52,0.00,3111.57,562.71,401.16,13.35
Furniture,Tables,Standard Class,South,81,310,3.83,4.93,4,7,0,0,0.00,0.00,63929.84,-18356.50,4721.43,-45.05
Furniture,Furnishings,Standard Class,North Asia,69,248,3.59,4.86,4,7,0,0,0.00,0.00,11874.49,2804.11,899.03,23.12
Furniture,Bookcases,First Class,West,17,69,4.06,2.00,1,3,14,0,82.35,0.00,8728.41,-223.79,1350.02,-35.27
Office Supplies,Supplies,First Class,West,7,22,3.14,2.57,1,3,2,0,28.57,0.00,609.46,33.72,47.75,9.53
Technology,Phones,Same Day,Central,32,107,3.34,0.06,0,1,32,0,100.00,0.00,20160.74,1904.33,3425.94,8.65
Furniture,Chairs,Standard Class,Oceania,180,647,3.59,5.02,4,7,0,0,0.00,0.00,99941.65,11107.48,7828.79,8.43
Office Supplies,Binders,Standard Class,North,319,1133,3.55,5.08,4,7,0,0,0.00,0.00,15840.46,2430.94,1249.55,18.21
Office Supplies,Appliances,First Class,North,30,115,3.83,1.90,1,3,25,0,83.33,0.00,21375.28,2595.79,3330.47,11.45
Office Supplies,Labels,Standard Class,Central Asia,70,272,3.89,4.89,4,7,0,0,0.00,0.00,2581.27,622.85,205.48,19.31
Furniture,Chairs,Same Day,East,10,39,3.90,0.00,0,0,10,0,100.00,0.00,5123.37,522.67,502.38,-1.14
Technology,Phones,Same Day,Caribbean,4,18,4.50,0.00,0,0,4,0,100.00,0.00,2928.21,-152.49,530.92,14.17
Office Supplies,Storage,Same Day,Central,72,246,3.42,0.04,0,1,72,0,100.00,0.00,16049.68,1765.74,2999.69,9.64
Technology,Phones,Standard Class,North Asia,77,292,3.79,5.10,4,7,0,0,0.00,0.00,70969.94,16298.47,5282.99,19.28
Office Supplies,Binders,Second Class,Southeast Asia,44,159,3.61,3.77,2,5,8,0,18.18,0.00,2774.77,544.66,305.22,18.25
Office Supplies,Fasteners,Standard Class,East,37,167,4.51,5.16,4,7,0,0,0.00,0.00,478.72,160.91,37.03,29.57
Technology,Machines,Same Day,EMEA,13,34,2.62,0.00,0,0,13,0,100.00,0.00,3088.91,342.89,891.24,-35.94
Office Supplies,Paper,Standard Class,Central Asia,82,357,4.35,4.89,4,7,0,0,0.00,0.00,9800.05,1972.67,709.69,18.41
Office Supplies,Supplies,Standard Class,Oceania,131,483,3.69,5.02,4,7,0,0,0.00,0.00,13047.85,1281.21,988.17,8.12
Office Supplies,Envelopes,First Class,Central,63,239,3.79,2.38,1,3,30,0,47.62,0.00,4769.60,993.83,811.98,10.35
Office Supplies,Storage,Standard Class,North,312,1156,3.71,5.08,4,7,0,0,0.00,0.00,72271.44,8383.07,5951.68,10.94
Office Supplies,Envelopes,Same Day,Central,24,97,4.04,0.00,0,0,24,0,100.00,0.00,1890.32,313.24,311.55,9.95
Office Supplies,Supplies,Same Day,North Asia,2,6,3.00,0.00,0,0,2,0,100.00,0.00,162.15,-0.81,31.98,-8.55
Furniture,Chairs,Second Class,Caribbean,31,125,4.03,3.45,2,5,11,0,35.48,0.00,11847.41,968.89,1309.34,8.06
Office Supplies,Binders,Standard Class,Southeast Asia,175,667,3.81,4.95,4,7,0,0,0.00,0.00,10715.52,1594.77,914.32,13.81
Technology,Accessories,Standard Class,Southeast Asia,102,369,3.62,5.01,4,7,0,0,0.00,0.00,15872.57,-4469.85,1184.17,-32.26
Office Supplies,Paper,Standard Class,North Asia,85,326,3.84,5.00,4,7,0,0,0.00,0.00,8477.62,1643.09,678.72,15.69
Office Supplies,Art,Same Day,Caribbean,4,16,4.00,0.00,0,0,4,0,100.00,0.00,406.56,41.98,125.72,-6.80
Office Supplies,Binders,First Class,Central,217,845,3.89,2.25,1,3,118,0,54.38,0.00,21142.58,1801.41,2820.67,-15.97
Office Supplies,Paper,Same Day,Central,42,159,3.79,0.02,0,1,42,0,100.00,0.00,3349.84,772.95,676.75,21.54
Office Supplies,Fasteners,Standard Class,North,155,614,3.96,5.12,4,7,0,0,0.00,0.00,6297.51,1200.75,558.37,16.32
Furniture,Tables,First Class,Central,24,99,4.13,2.29,1,3,13,0,54.17,0.00,20699.06,-4403.08,3143.60,-25.22
Office Supplies,Appliances,Standard Class,Canada,6,13,2.17,4.67,4,6,0,0,0.00,0.00,3347.49,1221.60,274.18,32.49
Furniture,Bookcases,Standard Class,Africa,117,251,2.15,4.89,4,7,0,0,0.00,0.00,49705.40,3964.76,4277.48,-19.28
Office Supplies,Binders,Standard Class,Caribbean,112,415,3.71,4.93,4,7,0,0,0.00,0.00,5162.61,651.31,482.00,12.19
Office Supplies,Appliances,Same Day,Central Asia,4,14,3.50,0.00,0,0,4,0,100.00,0.00,3467.03,84.40,131.74,-12.01
Technology,Machines,First Class,Africa,40,117,2.93,2.03,1,3,27,0,67.50,0.00,11215.52,-704.76,1758.58,-49.64
Office Supplies,Fasteners,First Class,South,37,138,3.73,2.41,1,3,19,0,51.35,0.00,1160.99,148.29,190.04,10.37
Office Supplies,Storage,Second Class,Central,222,788,3.55,3.20,2,5,88,0,39.64,0.00,47805.98,4710.07,6168.96,5.54
Office Supplies,Labels,First Class,East,24,109,4.54,2.33,1,3,13,0,54.17,0.00,705.73,283.19,107.99,40.55
Office Supplies,Appliances,First Class,North Asia,13,40,3.08,2.00,1,3,9,0,69.23,0.00,10958.46,2662.32,2193.44,10.68
Office Supplies,Supplies,Standard Class,East,31,111,3.58,5.26,4,7,0,0,0.00,0.00,3735.34,-130.12,302.02,16.88
Technology,Copiers,Second Class,Central Asia,27,109,4.04,3.00,2,5,15,0,55.56,0.00,22716.12,5650.62,2695.63,20.66
Office Supplies,Paper,Same Day,North,9,20,2.22,0.00,0,0,9,0,100.00,0.00,303.88,22.08,55.01,4.16
Office Supplies,Envelopes,First Class,EMEA,31,53,1.71,2.13,1,3,20,0,64.52,0.00,1249.95,71.15,264.18,-25.11
Office Supplies,Appliances,Second Class,Oceania,19,83,4.37,3.16,2,5,8,0,42.11,0.00,18040.96,2766.67,2516.71,8.58
Office Supplies,Binders,Second Class,Oceania,74,227,3.07,3.22,2,5,26,0,35.14,0.00,4797.46,681.64,595.31,11.62
Technology,Accessories,Second Class,East,43,152,3.53,3.23,2,5,15,0,34.88,0.00,9996.69,2339.03,1222.61,22.57
Technology,Accessories,Second Class,Canada,5,17,3.40,3.80,2,5,1,0,20.00,0.00,2428.20,897.66,220.81,24.18
Technology,Accessories,Same Day,North,10,47,4.70,0.10,0,1,10,0,100.00,0.00,2799.19,602.75,611.78,24.68
Office Supplies,Paper,Standard Class,Caribbean,63,213,3.38,5.00,4,7,0,0,0.00,0.00,3801.37,754.31,327.96,18.39
Technology,Phones,Same Day,EMEA,16,44,2.75,0.00,0,0,16,0,100.00,0.00,9560.62,-3819.44,979.25,-37.03
Office Supplies,Art,First Class,North Asia,19,72,3.79,2.16,1,3,10,0,52.63,0.00,1764.99,395.34,289.98,23.29
Office Supplies,Binders,Standard Class,Central Asia,114,396,3.47,4.92,4,7,0,0,0.00,0.00,7048.34,1686.79,537.53,19.68
Furniture,Tables,Second Class,North,15,64,4.27,3.47,2,5,5,0,33.33,0.00,19893.71,-586.48,2215.88,-11.77
Furniture,Chairs,Standard Class,Canada,4,6,1.50,4.75,4,6,0,0,0.00,0.00,650.61,138.78,30.67,21.23
Office Supplies,Storage,Same Day,Caribbean,5,18,3.60,0.00,0,0,5,0,100.00,0.00,710.83,42.11,156.42,-0.23
Furniture,Chairs,Same Day,Central Asia,7,24,3.43,0.00,0,0,7,0,100.00,0.00,5564.46,1022.94,1640.84,24.84
Technology,Machines,Second Class,EMEA,43,118,2.74,3.02,2,5,19,0,44.19,0.00,14138.22,1646.34,2284.14,-8.01
Office Supplies,Paper,First Class,South,65,217,3.34,2.23,1,3,39,0,60.00,0.00,4457.09,865.38,793.14,20.90
Technology,Accessories,Same Day,Oceania,13,58,4.46,0.00,0,0,13,0,100.00,0.00,4548.46,707.89,614.09,5.21
Office Supplies,Paper,Second Class,Canada,4,16,4.00,2.25,2,3,3,0,75.00,0.00,371.04,151.14,51.81,34.69
Furniture,Chairs,First Class,East,27,119,4.41,2.26,1,3,17,0,62.96,0.00,16443.37,1538.27,3040.89,4.30
Technology,Machines,Same Day,North,4,8,2.00,0.00,0,0,4,0,100.00,0.00,571.42,178.30,116.16,24.73
Office Supplies,Paper,Same Day,West,27,80,2.96,0.11,0,1,27,0,100.00,0.00,1145.21,532.93,181.86,46.53
Office Supplies,Appliances,First Class,Central,59,234,3.97,2.15,1,3,38,0,64.41,0.00,27947.05,585.87,4430.05,-18.64
Technology,Machines,First Class,South,22,79,3.59,2.09,1,3,14,0,63.64,0.00,12173.07,472.68,2155.73,-5.32
Office Supplies,Fasteners,Same Day,North Asia,5,17,3.40,0.00,0,0,5,0,100.00,0.00,210.96,29.58,25.39,18.26
Office Supplies,Storage,First Class,East,38,134,3.53,2.37,1,3,18,0,47.37,0.00,7316.86,906.47,1272.20,11.39
Furniture,Bookcases,Same Day,West,3,10,3.33,0.00,0,0,3,0,100.00,0.00,1436.33,50.45,206.51,3.14
Office Supplies,Storage,Same Day,Central Asia,4,10,2.50,0.00,0,0,4,0,100.00,0.00,707.43,133.29,152.43,32.71
Technology,Phones,Second Class,Oceania,47,198,4.21,3.36,2,5,14,0,29.79,0.00,29177.77,5429.59,4450.01,11.10
Office Supplies,Fasteners,First Class,Canada,3,3,1.00,2.67,2,3,1,0,33.33,0.00,34.74,11.61,6.35,33.86
Office Supplies,Appliances,Second Class,South,51,204,4.00,3.22,2,5,18,0,35.29,0.00,38669.46,6889.50,3781.39,2.88
Technology,Accessories,First Class,Africa,30,71,2.37,2.10,1,3,20,0,66.67,0.00,5184.11,755.21,1044.10,-5.35
Technology,Copiers,Second Class,North,49,171,3.49,3.35,2,5,17,0,34.69,0.00,35813.84,9956.44,3656.65,26.41
Furniture,Chairs,Standard Class,North,207,769,3.71,5.12,4,7,0,0,0.00,0.00,72679.19,6098.28,5867.92,5.73
Furniture,Chairs,Second Class,Southeast Asia,46,158,3.43,3.13,2,5,17,0,36.96,0.00,19448.77,-24.52,2613.84,1.59
Office Supplies,Paper,First Class,Caribbean,15,64,4.27,2.00,1,3,11,0,73.33,0.00,1310.05,228.49,230.43,14.26
Furniture,Furnishings,Same Day,Southeast Asia,10,45,4.50,0.00,0,0,10,0,100.00,0.00,1749.47,175.31,305.68,1.71
Technology,Accessories,Second Class,Africa,59,123,2.08,3.39,2,5,22,0,37.29,0.00,13098.49,2818.31,1509.44,-0.57
Office Supplies,Labels,Second Class,Central,111,436,3.93,3.23,2,5,46,0,41.44,0.00,3588.38,917.48,419.70,18.79
Office Supplies,Art,Standard Class,Central Asia,75,264,3.52,4.83,4,7,0,0,0.00,0.00,7095.49,1328.00,615.75,11.65
Furniture,Bookcases,Same Day,East,3,7,2.33,0.00,0,0,3,0,100.00,0.00,1294.27,289.33,181.85,13.67
Technology,Machines,Standard Class,Canada,6,17,2.83,5.33,4,7,0,0,0.00,0.00,2283.36,380.22,150.01,18.99
Office Supplies,Labels,First Class,Central Asia,16,69,4.31,2.25,1,3,10,0,62.50,0.00,665.77,126.71,129.61,15.03
Technology,Machines,Standard Class,South,92,316,3.43,4.89,4,7,0,0,0.00,0.00,60717.01,-3363.68,3667.09,-7.25
Furniture,Chairs,Standard Class,East,96,381,3.97,5.07,4,7,0,0,0.00,0.00,50133.05,5616.67,3986.70,7.62
Furniture,Furnishings,First Class,Central Asia,23,87,3.78,2.30,1,3,13,0,56.52,0.00,3894.56,950.45,784.09,23.11
Technology,Machines,Same Day,East,6,20,3.33,0.00,0,0,6,0,100.00,0.00,10273.39,3844.18,1713.54,-2.22
Office Supplies,Labels,Standard Class,Africa,136,341,2.51,4.90,4,7,0,0,0.00,0.00,2944.34,490.41,228.03,-2.63
Technology,Phones,Standard Class,Caribbean,64,235,3.67,5.11,4,7,0,0,0.00,0.00,24556.84,3279.48,2019.26,15.52
Technology,Copiers,Same Day,Southeast Asia,9,30,3.33,0.00,0,0,9,0,100.00,0.00,6504.69,70.08,1136.14,8.19
Office Supplies,Envelopes,Same Day,Central Asia,4,15,3.75,0.25,0,1,4,0,100.00,0.00,356.46,109.32,51.41,29.93
Office Supplies,Appliances,Second Class,Canada,3,4,1.33,2.67,2,4,2,0,66.67,0.00,1451.04,317.16,172.61,20.33
Furniture,Chairs,Second Class,West,41,137,3.34,3.20,2,5,20,0,48.78,0.00,19196.04,990.02,2297.08,3.69
Office Supplies,Supplies,First Class,Caribbean,13,40,3.08,2.54,1,3,5,0,38.46,0.00,615.55,91.69,115.06,5.12
Technology,Accessories,Second Class,South,83,337,4.06,2.93,2,5,43,0,51.81,0.00,21665.52,3885.47,3679.14,4.46
Furniture,Furnishings,Same Day,South,24,93,3.88,0.04,0,1,24,0,100.00,0.00,3870.36,898.16,745.98,11.80
Office Supplies,Appliances,Standard Class,Caribbean,25,109,4.36,4.88,4,7,0,0,0.00,0.00,13859.74,2781.80,1182.66,21.97
Furniture,Furnishings,First Class,Oceania,22,98,4.45,2.14,1,3,14,0,63.64,0.00,3655.06,267.36,521.35,4.29
Office Supplies,Labels,Second Class,Caribbean,26,100,3.85,3.31,2,5,11,0,42.31,0.00,608.14,80.84,76.57,8.93
Furniture,Bookcases,Standard Class,South,192,706,3.68,5.04,4,7,0,0,0.00,0.00,109009.67,17821.68,8956.92,8.72
Office Supplies,Art,First Class,West,34,104,3.06,1.94,1,3,23,0,67.65,0.00,794.75,202.22,116.15,26.47
Technology,Machines,First Class,Southeast Asia,16,71,4.44,2.00,1,3,12,0,75.00,0.00,7960.21,1821.18,1293.13,13.60
Technology,Copiers,Standard Class,Southeast Asia,123,423,3.44,4.91,4,7,0,0,0.00,0.00,80066.18,9887.93,6562.99,6.90
Technology,Copiers,Standard Class,Canada,7,11,1.57,5.86,5,7,0,0,0.00,0.00,2098.05,442.14,131.28,21.99
Technology,Copiers,Same Day,Oceania,13,56,4.31,0.23,0,1,13,0,100.00,0.00,10861.18,2525.08,2512.25,19.00
Office Supplies,Supplies,Same Day,North,12,44,3.67,0.00,0,0,12,0,100.00,0.00,1065.97,343.75,139.89,26.53
Office Supplies,Labels,Second Class,North,46,177,3.85,3.13,2,5,20,0,43.48,0.00,1381.05,315.18,165.70,20.70
Office Supplies,Binders,Second Class,Central,246,952,3.87,3.33,2,5,86,0,34.96,0.00,20444.81,4464.08,2649.43,-6.98
Technology,Accessories,First Class,North Asia,22,71,3.23,2.27,1,3,13,0,59.09,0.00,6981.24,1921.62,1361.72,15.29
Furniture,Tables,Second Class,Southeast Asia,13,43,3.31,3.08,2,5,4,0,30.77,0.00,8710.77,-4781.78,1435.55,-51.71
Office Supplies,Art,Second Class,EMEA,171,383,2.24,3.27,2,5,57,0,33.33,0.00,9254.37,77.79,1185.31,-26.83
Technology,Machines,First Class,EMEA,34,89,2.62,2.24,1,3,20,0,58.82,0.00,6770.12,-2127.88,925.68,-36.37
Office Supplies,Envelopes,First Class,Central Asia,15,62,4.13,2.67,2,3,5,0,33.33,0.00,1209.59,371.11,184.63,20.10
Office Supplies,Appliances,Standard Class,West,82,317,3.87,5.28,4,7,0,0,0.00,0.00,20081.74,5394.81,1494.17,26.04
Furniture,Bookcases,Second Class,Canada,2,7,3.50,2.00,2,2,2,0,100.00,0.00,864.63,422.52,129.03,45.99
Office Supplies,Labels,Second Class,Central Asia,33,136,4.12,3.09,2,5,14,0,42.42,0.00,1130.51,112.81,166.70,0.75
Office Supplies,Fasteners,Standard Class,Africa,129,286,2.22,4.92,4,7,0,0,0.00,0.00,3187.14,325.16,243.75,-19.65
Office Supplies,Envelopes,Standard Class,EMEA,142,321,2.26,4.94,4,7,0,0,0.00,0.00,7249.60,807.48,687.16,-7.53
Office Supplies,Appliances,Standard Class,Africa,82,175,2.13,5.02,4,7,0,0,0.00,0.00,32152.90,2554.53,2872.17,-2.74
